[15:04:39.735] Photorealism Plugin 0.11.0: nucleo grafico carregado via dxgi.dll.
[15:04:51.847] Proxy DXGI conectado a implementacao do sistema.
[15:04:53.796] Steam overlay detectado e estabilizado antes dos hooks: gameoverlayrenderer64.dll=00006FFFFA1D0000 amostras=4.
[15:04:54.819] Hooks Present/Present1/ResizeBuffers/OMSetRenderTargets*/ClearDepthStencilView instalados; feature level=0xB000 Present1=ativo-slot22.
[15:04:54.819] Auditoria Present 0.11.0: phase=install method=Present entry=00006FFFF9EBAB70 current=00006FFFFA081ED0 current_owner=S:\common\Euro Truck Simulator 2\bin\win_x64\dxgi.dll ours=00006FFFFA081ED0 downstream=00006FFFF9BFF9B0 downstream_owner=S:\common\Euro Truck Simulator 2\bin\win_x64\d3d11.dll state=nosso-hook-externo.
[15:04:54.820] Auditoria Present 0.11.0: phase=install method=Present1 entry=00006FFFF9EBABE0 current=00006FFFFA082030 current_owner=S:\common\Euro Truck Simulator 2\bin\win_x64\dxgi.dll ours=00006FFFFA082030 downstream=00006FFFF9C00700 downstream_owner=S:\common\Euro Truck Simulator 2\bin\win_x64\d3d11.dll state=nosso-hook-externo.
[15:04:55.323] Auditoria Present 0.11.0: phase=post-install-500ms method=Present entry=00006FFFF9EBAB70 current=00006FFFFA081ED0 current_owner=S:\common\Euro Truck Simulator 2\bin\win_x64\dxgi.dll ours=00006FFFFA081ED0 downstream=00006FFFF9BFF9B0 downstream_owner=S:\common\Euro Truck Simulator 2\bin\win_x64\d3d11.dll state=nosso-hook-externo.
[15:04:55.323] Auditoria Present 0.11.0: phase=post-install-500ms method=Present1 entry=00006FFFF9EBABE0 current=00006FFFFA082030 current_owner=S:\common\Euro Truck Simulator 2\bin\win_x64\dxgi.dll ours=00006FFFFA082030 downstream=00006FFFF9C00700 downstream_owner=S:\common\Euro Truck Simulator 2\bin\win_x64\d3d11.dll state=nosso-hook-externo.
[15:04:56.854] Auditoria Present 0.11.0: phase=post-install-2000ms method=Present entry=00006FFFF9EBAB70 current=00006FFFFA081ED0 current_owner=S:\common\Euro Truck Simulator 2\bin\win_x64\dxgi.dll ours=00006FFFFA081ED0 downstream=00006FFFF9BFF9B0 downstream_owner=S:\common\Euro Truck Simulator 2\bin\win_x64\d3d11.dll state=nosso-hook-externo.
[15:04:56.854] Auditoria Present 0.11.0: phase=post-install-2000ms method=Present1 entry=00006FFFF9EBABE0 current=00006FFFFA082030 current_owner=S:\common\Euro Truck Simulator 2\bin\win_x64\dxgi.dll ours=00006FFFFA082030 downstream=00006FFFF9C00700 downstream_owner=S:\common\Euro Truck Simulator 2\bin\win_x64\d3d11.dll state=nosso-hook-externo.
[15:04:57.805] ResizeBuffers solicitado: swap_chain=000000002E5586E0 buffers=3 size=109x1 format=0 flags=0x00000800.
[15:04:57.807] ResizeBuffers concluido: swap_chain=000000002E5586E0 result=0x00000000.
[15:04:57.808] ResizeBuffers solicitado: swap_chain=000000002E5586E0 buffers=3 size=1440x900 format=0 flags=0x00000800.
[15:04:57.808] ResizeBuffers concluido: swap_chain=000000002E5586E0 result=0x00000000.
[15:04:59.029] ResizeBuffers solicitado: swap_chain=000000002E5586E0 buffers=3 size=109x16 format=0 flags=0x00000800.
[15:04:59.030] ResizeBuffers concluido: swap_chain=000000002E5586E0 result=0x00000000.
[15:04:59.032] ResizeBuffers solicitado: swap_chain=000000002E5586E0 buffers=3 size=119x52 format=0 flags=0x00000800.
[15:04:59.033] ResizeBuffers concluido: swap_chain=000000002E5586E0 result=0x00000000.
[15:04:59.033] ResizeBuffers solicitado: swap_chain=000000002E5586E0 buffers=3 size=1920x1080 format=0 flags=0x00000800.
[15:04:59.034] ResizeBuffers concluido: swap_chain=000000002E5586E0 result=0x00000000.
[15:04:59.034] ResizeBuffers solicitado: swap_chain=000000002E5586E0 buffers=3 size=1920x1080 format=0 flags=0x00000800.
[15:04:59.035] ResizeBuffers concluido: swap_chain=000000002E5586E0 result=0x00000000.
[15:04:59.560] Camadas cumulativas: base_0.1.2=ativa visual_0.2.0=ativa rain_overcast_0.3.0=ativa.
[15:04:59.561] Perfil efetivo: temperature=6400.0 exposure=0.011 contrast=1.070 saturation=0.970 vibrance=0.050 shadows=0.100 highlights=-0.180 blacks=0.000 whites=0.080 local_contrast=0.240 sharpness=0.200 vignette=0.030.
[15:04:59.561] Perfil efetivo (cor): tint=0.500 highlight_rolloff=0.350 black_lift=0.001398/0.002480/0.002268.
[15:04:59.561] Balanco de branco 0.18.2: bruto=0.9773/1.0500/0.9721 luma_bruta=1.028920 (+0.0411 EV) normalizado=0.9498/1.0205/0.9448 ganho_luma=1.000000 (+0.0000 EV).
[15:04:59.561] Depth linearization 0.6.4: reversed_z=sim near_plane=0.1000 preview_distance=50.0 vertical_fov=60.0.
[15:04:59.561] Modulo SSAO 0.7.0: ativo samples=8 radius=0.800 intensity=0.280 bias=0.040 fade=30.0-70.0 edge_rejection=1.50.
[15:04:59.561] Modulo SSAO refinement 0.8.0: ativo samples=16 highlight_protection=0.55-0.95 ao_floor=0.35.
[15:04:59.561] Modulo SSAO interior 0.9.0: ativo faixa=2.0-8.0m radius=0.450 intensity=0.200 bias=0.050 edge_rejection=1.75.
[15:04:59.561] Modulo temporal 0.10.0: ativo history_weight=0.65 depth_rejection=0.020 color_rejection=0.080.
[15:04:59.562] Modulo bloom 0.17.0: ativo threshold=0.850 knee=0.060 intensity=0.020 radius=0.0300 (licenca artistica; so o limiar e medido).
[15:04:59.562] Modulo observador de cena 0.18.0: ativo intervalo=30 frames log=30s (mede o frame pre-grade; nao altera a imagem).
[15:04:59.562] Telemetria GPU inicializada: 8 amostras em anel, relatorio=10s.
[15:04:59.857] Auditoria Present 0.11.0: phase=post-install-5000ms method=Present entry=00006FFFF9EBAB70 current=00006FFFFA081ED0 current_owner=S:\common\Euro Truck Simulator 2\bin\win_x64\dxgi.dll ours=00006FFFFA081ED0 downstream=00006FFFF9BFF9B0 downstream_owner=S:\common\Euro Truck Simulator 2\bin\win_x64\d3d11.dll state=nosso-hook-externo.
[15:04:59.857] Auditoria Present 0.11.0: phase=post-install-5000ms method=Present1 entry=00006FFFF9EBABE0 current=00006FFFFA082030 current_owner=S:\common\Euro Truck Simulator 2\bin\win_x64\dxgi.dll ours=00006FFFFA082030 downstream=00006FFFF9C00700 downstream_owner=S:\common\Euro Truck Simulator 2\bin\win_x64\d3d11.dll state=nosso-hook-externo.
[15:05:00.040] Shaders Photorealism compilados: visual=ok depth_preview=ok ssao_0.9.1=ok temporal_0.10.0=ok bloom_0.17.0=ok.
[15:05:00.040] Pipeline D3D11 inicializado.
[15:05:00.041] Descoberta depth 0.10.1 iniciada por backbuffer: cycle=1 backbuffer=1920x1080 format=87 janela=30000ms early=3000ms resources=256 view_cache=4096.
[15:05:00.041] Recursos de frame criados: 1920x1080 format=87 ssao_intermediate=ok temporal_spatial=ok.
[15:05:00.041] Bloom 0.17.0 com piramide de 5 niveis: 960x540 ate 60x33.
[15:05:00.041] Bloom 0.17.0 ativo: niveis=5 threshold=0.850 knee=0.060 intensity=0.020 radius=0.0300.
[15:05:00.041] SSAO 0.9.1 aguardando depth e recursos validos; o passe visual aprovado permanece ativo.
[15:05:00.041] Resolve temporal 0.10.0 aguardando depth e recursos validos; pilha visual/SSAO permanece ativa.
[15:05:00.042] Observador de cena 0.18.0 ativo: fonte 1920x1080 format=90 amostrado como 87, mip 5 (60x33 = 1980 pixels), intervalo=30 frames, log=30s.
[15:05:00.042] Primeiro frame processado: 1920x1080 format=87 srgb_manual_entrada=nao srgb_manual_saida=nao ssao_solicitado=sim temporal_solicitado=sim.
[15:05:00.043] Steam screenshot 0.10.4 ativo via ISteamScreenshots v003: ScreenshotRequested_t=2302, readback assincrono e exatamente um WriteScreenshot por toque; deduplicacao=750ms e nenhuma tecla interceptada.
[15:05:00.043] Auditoria Present 0.11.0: phase=first-runtime-call method=Present entry=00006FFFF9EBAB70 current=00006FFFFA081ED0 current_owner=S:\common\Euro Truck Simulator 2\bin\win_x64\dxgi.dll ours=00006FFFFA081ED0 downstream=00006FFFF9BFF9B0 downstream_owner=S:\common\Euro Truck Simulator 2\bin\win_x64\d3d11.dll state=nosso-hook-externo.
[15:05:00.544] Cena 0.18.0: ceu_R/B=1.558 mediana=0.0 faixa_p90-p10=0.0 saturacao=0.020 media=4.6 amostra=1980.
[15:05:09.566] Custo GPU do passe: media=1.431 ms minimo=0.414 ms pico=2.876 ms amostras=746 descartadas=0.
[15:05:19.572] Custo GPU do passe: media=1.449 ms minimo=0.437 ms pico=1.983 ms amostras=1214 descartadas=0.
[15:05:29.572] Custo GPU do passe: media=1.508 ms minimo=1.464 ms pico=1.737 ms amostras=1200 descartadas=0.
[15:05:30.738] Cena 0.18.0: ceu_R/B=1.007 mediana=13.6 faixa_p90-p10=118.9 saturacao=0.170 media=33.8 amostra=1980.
[15:05:39.600] Custo GPU do passe: media=1.509 ms minimo=0.446 ms pico=1.885 ms amostras=1203 descartadas=0.
[15:05:40.455] Descoberta depth 0.10.1 concluida: cycle=1 mode=window-timeout resources=3 grupos=2 resource_evictions=0 view_cache_replacements=0 janela=30000ms minimum_bindings=1000 minimum_rate=400/s scaled_area=110%.
[15:05:40.455] Depth principal 0.10.1 ainda nao foi retido com seguranca; nenhum recurso elegivel atingiu a confianca minima e a descoberta continuara automaticamente no cycle=2.
[15:05:40.455] Depth grupo #1: size=1920x1080 area_scale=1.000x aspect_error=0.00% texture_format=19(R32G8X24_TYPELESS) view_format=20(D32_FLOAT_S8X24_UINT) samples=1 bind_flags=0x00000048 shader_readable=sim resources=2 bindings=232 score=31054233600.
[15:05:40.456] Depth grupo #2: size=1024x1024 area_scale=0.506x aspect_error=43.75% texture_format=19(R32G8X24_TYPELESS) view_format=20(D32_FLOAT_S8X24_UINT) samples=1 bind_flags=0x00000048 shader_readable=sim resources=1 bindings=24 score=1638400.
[15:05:40.456] Depth recurso #1: resource=000000003338B340 size=1920x1080 texture_format=19(R32G8X24_TYPELESS) view_format=20(D32_FLOAT_S8X24_UINT) samples=1 bind_flags=0x00000048 shader_readable=sim views=3 bindings=217 score=28930867200 elegibilidade=bindings-insuficientes.
[15:05:40.456] Depth recurso #2: resource=000000003E5F9AA0 size=1920x1080 texture_format=19(R32G8X24_TYPELESS) view_format=20(D32_FLOAT_S8X24_UINT) samples=1 bind_flags=0x00000048 shader_readable=sim views=15 bindings=15 score=2123366400 elegibilidade=bindings-insuficientes.
[15:05:40.456] Depth recurso #3: resource=000000003E5F9320 size=1024x1024 texture_format=19(R32G8X24_TYPELESS) view_format=20(D32_FLOAT_S8X24_UINT) samples=1 bind_flags=0x00000048 shader_readable=sim views=24 bindings=24 score=1638400 elegibilidade=bindings-insuficientes.
[15:05:45.093] Descoberta depth 0.10.1 concluida: cycle=2 mode=early-confidence resources=2 grupos=2 resource_evictions=0 view_cache_replacements=0 janela=30000ms minimum_bindings=1000 minimum_rate=400/s scaled_area=110%.
[15:05:45.093] Depth principal 0.10.1 selecionado automaticamente: resource=000000003E5F9AA0 generation=1 size=1920x1080 texture_format=19(R32G8X24_TYPELESS) samples=1 bind_flags=0x00000048 bindings=1040 score=138151526400.
[15:05:45.093] Depth grupo #1: size=1920x1080 area_scale=1.000x aspect_error=0.00% texture_format=19(R32G8X24_TYPELESS) view_format=20(D32_FLOAT_S8X24_UINT) samples=1 bind_flags=0x00000048 shader_readable=sim resources=1 bindings=1040 score=138151526400.
[15:05:45.093] Depth grupo #2: size=1024x1024 area_scale=0.506x aspect_error=43.75% texture_format=19(R32G8X24_TYPELESS) view_format=20(D32_FLOAT_S8X24_UINT) samples=1 bind_flags=0x00000048 shader_readable=sim resources=1 bindings=1776 score=116457472.
[15:05:45.093] Depth recurso #1: resource=000000003E5F9AA0 size=1920x1080 texture_format=19(R32G8X24_TYPELESS) view_format=20(D32_FLOAT_S8X24_UINT) samples=1 bind_flags=0x00000048 shader_readable=sim views=64 bindings=1040 score=138151526400 elegibilidade=aceito.
[15:05:45.093] Depth recurso #2: resource=000000003E5F9320 size=1024x1024 texture_format=19(R32G8X24_TYPELESS) view_format=20(D32_FLOAT_S8X24_UINT) samples=1 bind_flags=0x00000048 shader_readable=sim views=91 bindings=1776 score=116457472 elegibilidade=forma-incompativel.
[15:05:45.100] Recursos de copia depth criados: generation=1 size=1920x1080 source_format=19 resource_format=19 view_format=21.
[15:05:45.100] Recursos temporais 0.10.0 criados: color=1920x1080 depth=1920x1080 generation=1.
[15:05:45.100] SSAO 0.9.1 ativo: source=1920x1080 format=19 generation=1 samples=16 radius=0.800 intensity=0.280 fade=30.0-70.0 interior=ativo.
[15:05:45.100] Resolve temporal 0.10.0 ativo: source=1920x1080 depth=1920x1080 generation=1 history_weight=0.65 depth_rejection=0.020 color_rejection=0.080.
[15:05:45.100] Historico temporal 0.10.0 inicializado: color=1920x1080 depth=1920x1080 generation=1.
[15:05:49.599] Custo GPU do passe: media=1.679 ms minimo=0.380 ms pico=3.455 ms amostras=1201 descartadas=0.
[15:05:59.601] Custo GPU do passe: media=2.333 ms minimo=1.267 ms pico=3.222 ms amostras=1185 descartadas=0.
[15:06:00.860] Cena 0.18.0: ceu_R/B=0.910 mediana=48.0 faixa_p90-p10=52.9 saturacao=0.059 media=52.4 amostra=1980.
[15:06:03.387] ResizeBuffers solicitado: swap_chain=000000002E5586E0 buffers=3 size=1920x800 format=0 flags=0x00000800.
[15:06:03.388] ResizeBuffers concluido: swap_chain=000000002E5586E0 result=0x00000000.
[15:06:03.409] Descoberta depth 0.10.1 iniciada por backbuffer: cycle=3 backbuffer=1920x800 format=87 janela=30000ms early=3000ms resources=256 view_cache=4096.
[15:06:03.409] Recursos de frame criados: 1920x800 format=87 ssao_intermediate=ok temporal_spatial=ok.
[15:06:03.410] Bloom 0.17.0 com piramide de 4 niveis: 960x400 ate 120x50.
[15:06:03.410] Bloom 0.17.0 ativo: niveis=4 threshold=0.850 knee=0.060 intensity=0.020 radius=0.0300.
[15:06:03.410] SSAO 0.9.1 aguardando depth e recursos validos; o passe visual aprovado permanece ativo.
[15:06:03.410] Resolve temporal 0.10.0 aguardando depth e recursos validos; pilha visual/SSAO permanece ativa.
[15:06:03.410] Observador de cena 0.18.0 ativo: fonte 1920x800 format=90 amostrado como 87, mip 5 (60x25 = 1500 pixels), intervalo=30 frames, log=30s.
[15:06:03.410] Primeiro frame processado: 1920x800 format=87 srgb_manual_entrada=nao srgb_manual_saida=nao ssao_solicitado=sim temporal_solicitado=sim.
[15:06:03.410] Steam screenshot 0.10.4 ativo via ISteamScreenshots v003: ScreenshotRequested_t=2302, readback assincrono e exatamente um WriteScreenshot por toque; deduplicacao=750ms e nenhuma tecla interceptada.
[15:06:06.447] Descoberta depth 0.10.1 concluida: cycle=3 mode=early-confidence resources=2 grupos=2 resource_evictions=0 view_cache_replacements=0 janela=30000ms minimum_bindings=1000 minimum_rate=400/s scaled_area=110%.
[15:06:06.447] Depth principal 0.10.1 selecionado automaticamente: resource=000000003E1AA8F0 generation=2 size=1920x800 texture_format=19(R32G8X24_TYPELESS) samples=1 bind_flags=0x00000048 bindings=1530 score=150503424000.
[15:06:06.447] Depth grupo #1: size=1920x800 area_scale=1.000x aspect_error=0.00% texture_format=19(R32G8X24_TYPELESS) view_format=20(D32_FLOAT_S8X24_UINT) samples=1 bind_flags=0x00000048 shader_readable=sim resources=1 bindings=1530 score=150503424000.
[15:06:06.447] Depth grupo #2: size=1024x1024 area_scale=0.683x aspect_error=58.33% texture_format=19(R32G8X24_TYPELESS) view_format=20(D32_FLOAT_S8X24_UINT) samples=1 bind_flags=0x00000048 shader_readable=sim resources=1 bindings=6 score=458752.
[15:06:06.448] Depth recurso #1: resource=000000003E1AA8F0 size=1920x800 texture_format=19(R32G8X24_TYPELESS) view_format=20(D32_FLOAT_S8X24_UINT) samples=1 bind_flags=0x00000048 shader_readable=sim views=9 bindings=1530 score=150503424000 elegibilidade=aceito.
[15:06:06.448] Depth recurso #2: resource=000000003E1AA170 size=1024x1024 texture_format=19(R32G8X24_TYPELESS) view_format=20(D32_FLOAT_S8X24_UINT) samples=1 bind_flags=0x00000048 shader_readable=sim views=6 bindings=6 score=458752 elegibilidade=bindings-insuficientes.
[15:06:06.454] Recursos de copia depth criados: generation=2 size=1920x800 source_format=19 resource_format=19 view_format=21.
[15:06:06.454] Recursos temporais 0.10.0 criados: color=1920x800 depth=1920x800 generation=2.
[15:06:06.454] SSAO 0.9.1 ativo: source=1920x800 format=19 generation=2 samples=16 radius=0.800 intensity=0.280 fade=30.0-70.0 interior=ativo.
[15:06:06.455] Resolve temporal 0.10.0 ativo: source=1920x800 depth=1920x800 generation=2 history_weight=0.65 depth_rejection=0.020 color_rejection=0.080.
[15:06:06.455] Historico temporal 0.10.0 inicializado: color=1920x800 depth=1920x800 generation=2.
[15:06:09.604] Custo GPU do passe: media=1.921 ms minimo=0.304 ms pico=5.589 ms amostras=1216 descartadas=0.
[15:06:09.732] ResizeBuffers solicitado: swap_chain=000000002E5586E0 buffers=3 size=1920x1080 format=0 flags=0x00000800.
[15:06:09.733] ResizeBuffers concluido: swap_chain=000000002E5586E0 result=0x00000000.
[15:06:09.754] Descoberta depth 0.10.1 iniciada por backbuffer: cycle=4 backbuffer=1920x1080 format=87 janela=30000ms early=3000ms resources=256 view_cache=4096.
[15:06:09.754] Recursos de frame criados: 1920x1080 format=87 ssao_intermediate=ok temporal_spatial=ok.
[15:06:09.754] Bloom 0.17.0 com piramide de 5 niveis: 960x540 ate 60x33.
[15:06:09.754] Bloom 0.17.0 ativo: niveis=5 threshold=0.850 knee=0.060 intensity=0.020 radius=0.0300.
[15:06:09.754] SSAO 0.9.1 aguardando depth e recursos validos; o passe visual aprovado permanece ativo.
[15:06:09.754] Resolve temporal 0.10.0 aguardando depth e recursos validos; pilha visual/SSAO permanece ativa.
[15:06:09.755] Observador de cena 0.18.0 ativo: fonte 1920x1080 format=90 amostrado como 87, mip 5 (60x33 = 1980 pixels), intervalo=30 frames, log=30s.
[15:06:09.755] Primeiro frame processado: 1920x1080 format=87 srgb_manual_entrada=nao srgb_manual_saida=nao ssao_solicitado=sim temporal_solicitado=sim.
[15:06:09.755] Steam screenshot 0.10.4 ativo via ISteamScreenshots v003: ScreenshotRequested_t=2302, readback assincrono e exatamente um WriteScreenshot por toque; deduplicacao=750ms e nenhuma tecla interceptada.
[15:06:12.833] Descoberta depth 0.10.1 concluida: cycle=4 mode=early-confidence resources=2 grupos=2 resource_evictions=0 view_cache_replacements=0 janela=30000ms minimum_bindings=1000 minimum_rate=400/s scaled_area=110%.
[15:06:12.833] Depth principal 0.10.1 selecionado automaticamente: resource=000000003EB264B0 generation=3 size=1920x1080 texture_format=19(R32G8X24_TYPELESS) samples=1 bind_flags=0x00000048 bindings=1530 score=203179622400.
[15:06:12.833] Depth grupo #1: size=1920x1080 area_scale=1.000x aspect_error=0.00% texture_format=19(R32G8X24_TYPELESS) view_format=20(D32_FLOAT_S8X24_UINT) samples=1 bind_flags=0x00000048 shader_readable=sim resources=1 bindings=1530 score=203179622400.
[15:06:12.833] Depth grupo #2: size=1024x1024 area_scale=0.506x aspect_error=43.75% texture_format=19(R32G8X24_TYPELESS) view_format=20(D32_FLOAT_S8X24_UINT) samples=1 bind_flags=0x00000048 shader_readable=sim resources=1 bindings=6 score=458752.
[15:06:12.833] Depth recurso #1: resource=000000003EB264B0 size=1920x1080 texture_format=19(R32G8X24_TYPELESS) view_format=20(D32_FLOAT_S8X24_UINT) samples=1 bind_flags=0x00000048 shader_readable=sim views=9 bindings=1530 score=203179622400 elegibilidade=aceito.
[15:06:12.833] Depth recurso #2: resource=000000003EB25D30 size=1024x1024 texture_format=19(R32G8X24_TYPELESS) view_format=20(D32_FLOAT_S8X24_UINT) samples=1 bind_flags=0x00000048 shader_readable=sim views=6 bindings=6 score=458752 elegibilidade=bindings-insuficientes.
[15:06:12.840] Recursos de copia depth criados: generation=3 size=1920x1080 source_format=19 resource_format=19 view_format=21.
[15:06:12.840] Recursos temporais 0.10.0 criados: color=1920x1080 depth=1920x1080 generation=3.
[15:06:12.840] SSAO 0.9.1 ativo: source=1920x1080 format=19 generation=3 samples=16 radius=0.800 intensity=0.280 fade=30.0-70.0 interior=ativo.
[15:06:12.840] Resolve temporal 0.10.0 ativo: source=1920x1080 depth=1920x1080 generation=3 history_weight=0.65 depth_rejection=0.020 color_rejection=0.080.
[15:06:12.841] Historico temporal 0.10.0 inicializado: color=1920x1080 depth=1920x1080 generation=3.
[15:06:19.606] Custo GPU do passe: media=1.836 ms minimo=0.410 ms pico=2.743 ms amostras=1211 descartadas=0.
[15:06:29.622] Custo GPU do passe: media=1.976 ms minimo=0.730 ms pico=3.207 ms amostras=1218 descartadas=0.
[15:06:30.933] Cena 0.18.0: ceu_R/B=1.002 mediana=34.6 faixa_p90-p10=151.0 saturacao=0.270 media=52.6 amostra=1980.
[15:06:35.742] Historico temporal 0.10.0 invalidado: alternancia Home.
[15:06:35.742] Efeito desativado pelo atalho Home.
[15:07:06.424] Efeito ativado pelo atalho Home.
[15:07:06.424] Custo GPU do passe: media=1.267 ms minimo=0.968 ms pico=2.598 ms amostras=743 descartadas=0.
[15:07:06.426] Historico temporal 0.10.0 inicializado: color=1920x1080 depth=1920x1080 generation=3.
[15:07:06.616] Cena 0.18.0: ceu_R/B=1.007 mediana=54.9 faixa_p90-p10=195.1 saturacao=0.165 media=85.0 amostra=1980.
[15:07:16.432] Custo GPU do passe: media=1.236 ms minimo=1.028 ms pico=1.529 ms amostras=1201 descartadas=0.
[15:07:26.439] Custo GPU do passe: media=1.608 ms minimo=0.884 ms pico=3.096 ms amostras=1205 descartadas=0.
[15:07:36.447] Custo GPU do passe: media=1.841 ms minimo=1.243 ms pico=2.301 ms amostras=1201 descartadas=0.
[15:07:36.831] Cena 0.18.0: ceu_R/B=1.001 mediana=75.3 faixa_p90-p10=119.8 saturacao=0.061 media=92.7 amostra=1980.
[15:07:46.447] Custo GPU do passe: media=1.396 ms minimo=1.010 ms pico=2.310 ms amostras=1198 descartadas=0.
[15:07:56.448] Custo GPU do passe: media=1.158 ms minimo=1.083 ms pico=1.521 ms amostras=1191 descartadas=0.
[15:08:06.456] Custo GPU do passe: media=1.132 ms minimo=1.041 ms pico=1.542 ms amostras=1193 descartadas=0.
[15:08:06.990] Cena 0.18.0: ceu_R/B=0.978 mediana=41.2 faixa_p90-p10=96.7 saturacao=0.233 media=52.8 amostra=1980.
[15:08:16.456] Custo GPU do passe: media=1.201 ms minimo=0.937 ms pico=1.604 ms amostras=1200 descartadas=0.
[15:08:26.464] Custo GPU do passe: media=1.199 ms minimo=1.042 ms pico=1.626 ms amostras=1201 descartadas=0.
[15:08:36.472] Custo GPU do passe: media=1.122 ms minimo=1.072 ms pico=1.229 ms amostras=1201 descartadas=0.
[15:08:37.239] Cena 0.18.0: ceu_R/B=0.945 mediana=36.8 faixa_p90-p10=95.5 saturacao=0.270 media=46.7 amostra=1980.
[15:08:46.472] Custo GPU do passe: media=1.133 ms minimo=1.052 ms pico=1.484 ms amostras=1200 descartadas=0.
[15:08:56.479] Custo GPU do passe: media=1.135 ms minimo=1.013 ms pico=1.469 ms amostras=1198 descartadas=0.
[15:09:06.480] Custo GPU do passe: media=1.205 ms minimo=1.048 ms pico=1.506 ms amostras=1201 descartadas=0.
[15:09:07.255] Cena 0.18.0: ceu_R/B=0.955 mediana=37.6 faixa_p90-p10=101.1 saturacao=0.299 media=47.8 amostra=1980.
[15:09:16.488] Custo GPU do passe: media=1.112 ms minimo=1.073 ms pico=1.212 ms amostras=1201 descartadas=0.
[15:09:26.487] Custo GPU do passe: media=1.130 ms minimo=1.084 ms pico=1.230 ms amostras=1200 descartadas=0.
[15:09:36.495] Custo GPU do passe: media=1.127 ms minimo=1.083 ms pico=1.232 ms amostras=1201 descartadas=0.
[15:09:37.504] Cena 0.18.0: ceu_R/B=0.814 mediana=41.0 faixa_p90-p10=97.9 saturacao=0.279 media=48.4 amostra=1980.
[15:09:46.503] Custo GPU do passe: media=1.114 ms minimo=1.070 ms pico=1.217 ms amostras=1201 descartadas=0.
[15:09:56.504] Custo GPU do passe: media=1.118 ms minimo=1.042 ms pico=1.252 ms amostras=1199 descartadas=0.
[15:10:06.503] Custo GPU do passe: media=1.134 ms minimo=1.056 ms pico=1.470 ms amostras=1199 descartadas=0.
[15:10:07.512] Cena 0.18.0: ceu_R/B=0.700 mediana=33.0 faixa_p90-p10=83.6 saturacao=0.340 media=39.5 amostra=1980.
[15:10:16.511] Custo GPU do passe: media=1.142 ms minimo=1.087 ms pico=1.479 ms amostras=1202 descartadas=0.
[15:10:26.517] Custo GPU do passe: media=1.158 ms minimo=0.991 ms pico=1.475 ms amostras=1200 descartadas=0.
[15:10:36.517] Custo GPU do passe: media=1.230 ms minimo=1.073 ms pico=1.509 ms amostras=1194 descartadas=0.
[15:10:37.591] Cena 0.18.0: ceu_R/B=0.795 mediana=28.9 faixa_p90-p10=70.2 saturacao=0.313 media=36.0 amostra=1980.
[15:10:46.522] Custo GPU do passe: media=1.177 ms minimo=1.122 ms pico=1.604 ms amostras=1156 descartadas=0.
[15:10:56.529] Custo GPU do passe: media=1.159 ms minimo=0.997 ms pico=1.632 ms amostras=1144 descartadas=0.
[15:11:06.535] Custo GPU do passe: media=1.144 ms minimo=1.078 ms pico=1.559 ms amostras=1162 descartadas=0.
[15:11:07.750] Cena 0.18.0: ceu_R/B=0.718 mediana=24.5 faixa_p90-p10=85.5 saturacao=0.358 media=35.4 amostra=1980.
[15:11:16.542] Custo GPU do passe: media=1.156 ms minimo=1.093 ms pico=1.558 ms amostras=1163 descartadas=0.
[15:11:26.543] Custo GPU do passe: media=1.134 ms minimo=1.081 ms pico=1.479 ms amostras=1185 descartadas=0.
[15:11:36.550] Custo GPU do passe: media=1.141 ms minimo=1.074 ms pico=1.557 ms amostras=1190 descartadas=0.
[15:11:37.768] Cena 0.18.0: ceu_R/B=0.743 mediana=25.3 faixa_p90-p10=72.2 saturacao=0.299 media=31.5 amostra=1980.
[15:11:46.558] Custo GPU do passe: media=1.137 ms minimo=1.068 ms pico=1.556 ms amostras=1197 descartadas=0.
[15:11:56.557] Custo GPU do passe: media=1.108 ms minimo=0.989 ms pico=1.459 ms amostras=1198 descartadas=0.
[15:12:06.566] Custo GPU do passe: media=1.128 ms minimo=1.071 ms pico=1.463 ms amostras=1160 descartadas=0.
[15:12:08.005] Cena 0.18.0: ceu_R/B=0.670 mediana=16.5 faixa_p90-p10=65.1 saturacao=0.287 media=25.1 amostra=1980.
[15:12:16.569] Custo GPU do passe: media=1.151 ms minimo=1.073 ms pico=1.628 ms amostras=1091 descartadas=0.
[15:12:26.574] Custo GPU do passe: media=1.155 ms minimo=1.094 ms pico=1.560 ms amostras=1110 descartadas=0.
[15:12:36.582] Custo GPU do passe: media=1.141 ms minimo=1.076 ms pico=1.546 ms amostras=1116 descartadas=0.
[15:12:38.172] Cena 0.18.0: ceu_R/B=1.023 mediana=204.1 faixa_p90-p10=209.4 saturacao=0.236 media=169.3 amostra=1980.
[15:12:46.586] Custo GPU do passe: media=1.169 ms minimo=1.109 ms pico=1.558 ms amostras=1095 descartadas=0.
[15:12:56.592] Custo GPU do passe: media=1.160 ms minimo=1.102 ms pico=1.554 ms amostras=1100 descartadas=0.
[15:13:06.605] Custo GPU do passe: media=1.165 ms minimo=1.103 ms pico=1.563 ms amostras=1088 descartadas=0.
[15:13:08.365] Cena 0.18.0: ceu_R/B=0.713 mediana=10.6 faixa_p90-p10=32.5 saturacao=0.259 media=13.9 amostra=1980.
[15:13:16.612] Custo GPU do passe: media=1.164 ms minimo=1.101 ms pico=1.529 ms amostras=1090 descartadas=0.
[15:13:26.615] Custo GPU do passe: media=1.160 ms minimo=1.103 ms pico=1.570 ms amostras=1111 descartadas=0.
[15:13:36.619] Custo GPU do passe: media=1.152 ms minimo=1.093 ms pico=1.471 ms amostras=1119 descartadas=0.
[15:13:38.413] Cena 0.18.0: ceu_R/B=0.646 mediana=6.9 faixa_p90-p10=34.7 saturacao=0.212 media=12.0 amostra=1980.
[15:13:46.622] Custo GPU do passe: media=1.147 ms minimo=1.044 ms pico=1.532 ms amostras=1161 descartadas=0.
[15:13:56.626] Custo GPU do passe: media=1.158 ms minimo=1.025 ms pico=1.538 ms amostras=1139 descartadas=0.
[15:14:06.629] Custo GPU do passe: media=1.117 ms minimo=1.057 ms pico=1.569 ms amostras=1198 descartadas=0.
[15:14:08.654] Cena 0.18.0: ceu_R/B=0.723 mediana=7.7 faixa_p90-p10=39.2 saturacao=0.171 media=13.4 amostra=1980.
[15:14:16.629] Custo GPU do passe: media=1.095 ms minimo=1.033 ms pico=1.440 ms amostras=1198 descartadas=0.
[15:14:26.635] Custo GPU do passe: media=1.132 ms minimo=1.052 ms pico=1.444 ms amostras=1190 descartadas=0.
[15:14:36.635] Custo GPU do passe: media=1.120 ms minimo=0.972 ms pico=1.558 ms amostras=1176 descartadas=0.
[15:14:38.712] Cena 0.18.0: ceu_R/B=0.661 mediana=5.9 faixa_p90-p10=25.7 saturacao=0.179 media=9.7 amostra=1980.
[15:14:46.643] Custo GPU do passe: media=1.163 ms minimo=1.003 ms pico=1.481 ms amostras=1200 descartadas=0.
[15:14:56.646] Custo GPU do passe: media=1.133 ms minimo=1.042 ms pico=1.582 ms amostras=1193 descartadas=0.
[15:15:06.647] Custo GPU do passe: media=1.132 ms minimo=1.045 ms pico=1.501 ms amostras=1168 descartadas=0.
[15:15:08.832] Cena 0.18.0: ceu_R/B=0.915 mediana=4.0 faixa_p90-p10=23.9 saturacao=0.110 media=11.4 amostra=1980.
[15:15:16.657] Custo GPU do passe: media=1.116 ms minimo=0.991 ms pico=1.921 ms amostras=1034 descartadas=0.
[15:15:26.667] Custo GPU do passe: media=1.120 ms minimo=0.968 ms pico=1.641 ms amostras=872 descartadas=0.
[15:15:36.667] Custo GPU do passe: media=1.317 ms minimo=0.995 ms pico=2.784 ms amostras=670 descartadas=0.
[15:15:39.046] Cena 0.18.0: ceu_R/B=0.952 mediana=5.8 faixa_p90-p10=47.9 saturacao=0.105 media=15.3 amostra=1980.
[15:15:46.681] Custo GPU do passe: media=1.295 ms minimo=0.975 ms pico=2.194 ms amostras=620 descartadas=0.
[15:15:56.681] Custo GPU do passe: media=1.201 ms minimo=0.974 ms pico=1.917 ms amostras=685 descartadas=0.
[15:16:06.691] Custo GPU do passe: media=1.168 ms minimo=0.976 ms pico=1.668 ms amostras=731 descartadas=0.
[15:16:09.090] Cena 0.18.0: ceu_R/B=1.011 mediana=6.0 faixa_p90-p10=40.4 saturacao=0.096 media=13.9 amostra=1980.
[15:16:16.700] Custo GPU do passe: media=1.077 ms minimo=0.960 ms pico=1.518 ms amostras=866 descartadas=0.
[15:16:26.708] Custo GPU do passe: media=1.107 ms minimo=0.976 ms pico=1.556 ms amostras=822 descartadas=0.
[15:16:36.715] Custo GPU do passe: media=1.136 ms minimo=0.980 ms pico=1.555 ms amostras=802 descartadas=0.
[15:16:39.287] Cena 0.18.0: ceu_R/B=1.185 mediana=2.0 faixa_p90-p10=40.4 saturacao=0.082 media=11.5 amostra=1980.
[15:16:46.714] Custo GPU do passe: media=1.116 ms minimo=0.952 ms pico=1.682 ms amostras=706 descartadas=0.
[15:16:56.721] Custo GPU do passe: media=1.119 ms minimo=0.964 ms pico=1.586 ms amostras=768 descartadas=0.
[15:17:06.730] Custo GPU do passe: media=1.144 ms minimo=0.988 ms pico=1.614 ms amostras=805 descartadas=0.
[15:17:09.592] Cena 0.18.0: ceu_R/B=0.948 mediana=4.0 faixa_p90-p10=44.4 saturacao=0.065 media=13.9 amostra=1980.
[15:17:16.733] Custo GPU do passe: media=1.152 ms minimo=0.984 ms pico=1.579 ms amostras=846 descartadas=0.
[15:17:26.744] Custo GPU do passe: media=1.064 ms minimo=0.951 ms pico=1.566 ms amostras=918 descartadas=0.
[15:17:36.752] Custo GPU do passe: media=1.109 ms minimo=0.949 ms pico=1.623 ms amostras=893 descartadas=0.
[15:17:39.617] Cena 0.18.0: ceu_R/B=1.062 mediana=4.8 faixa_p90-p10=32.9 saturacao=0.075 media=11.7 amostra=1980.
[15:17:46.759] Custo GPU do passe: media=1.266 ms minimo=0.970 ms pico=2.043 ms amostras=744 descartadas=0.
[15:17:56.766] Custo GPU do passe: media=1.126 ms minimo=0.992 ms pico=1.643 ms amostras=858 descartadas=0.
[15:18:06.771] Custo GPU do passe: media=1.167 ms minimo=0.974 ms pico=1.609 ms amostras=746 descartadas=0.
[15:18:09.714] Cena 0.18.0: ceu_R/B=0.957 mediana=5.1 faixa_p90-p10=47.2 saturacao=0.076 media=15.1 amostra=1980.
[15:18:16.781] Custo GPU do passe: media=1.166 ms minimo=0.976 ms pico=1.768 ms amostras=724 descartadas=0.
[15:18:26.792] Custo GPU do passe: media=1.090 ms minimo=0.959 ms pico=1.530 ms amostras=776 descartadas=0.
[15:18:36.795] Custo GPU do passe: media=1.115 ms minimo=0.956 ms pico=1.533 ms amostras=736 descartadas=0.
[15:18:39.757] Cena 0.18.0: ceu_R/B=1.356 mediana=10.1 faixa_p90-p10=84.4 saturacao=0.210 media=28.4 amostra=1980.
[15:18:46.800] Custo GPU do passe: media=1.125 ms minimo=0.982 ms pico=1.561 ms amostras=828 descartadas=0.
[15:18:56.810] Custo GPU do passe: media=1.137 ms minimo=0.987 ms pico=1.708 ms amostras=910 descartadas=0.
[15:19:06.815] Custo GPU do passe: media=1.128 ms minimo=0.993 ms pico=1.709 ms amostras=854 descartadas=0.
[15:19:09.922] Cena 0.18.0: ceu_R/B=1.030 mediana=4.0 faixa_p90-p10=55.0 saturacao=0.074 media=16.0 amostra=1980.
[15:19:16.815] Custo GPU do passe: media=1.126 ms minimo=0.981 ms pico=1.602 ms amostras=875 descartadas=0.
[15:19:26.820] Custo GPU do passe: media=1.112 ms minimo=0.983 ms pico=1.643 ms amostras=890 descartadas=0.
[15:19:36.825] Custo GPU do passe: media=1.111 ms minimo=0.986 ms pico=1.652 ms amostras=882 descartadas=0.
[15:19:40.061] Cena 0.18.0: ceu_R/B=1.416 mediana=4.0 faixa_p90-p10=69.2 saturacao=0.104 media=17.7 amostra=1980.
[15:19:46.829] Custo GPU do passe: media=1.100 ms minimo=0.982 ms pico=1.606 ms amostras=889 descartadas=0.
[15:19:56.829] Custo GPU do passe: media=1.117 ms minimo=0.978 ms pico=1.630 ms amostras=870 descartadas=0.
[15:20:06.838] Custo GPU do passe: media=1.086 ms minimo=0.961 ms pico=1.618 ms amostras=884 descartadas=0.
[15:20:10.185] Cena 0.18.0: ceu_R/B=1.083 mediana=3.1 faixa_p90-p10=49.4 saturacao=0.081 media=14.1 amostra=1980.
[15:20:16.842] Custo GPU do passe: media=1.091 ms minimo=0.961 ms pico=1.766 ms amostras=859 descartadas=0.
[15:20:26.841] Custo GPU do passe: media=1.106 ms minimo=0.950 ms pico=1.662 ms amostras=866 descartadas=0.
[15:20:36.852] Custo GPU do passe: media=1.125 ms minimo=0.985 ms pico=1.661 ms amostras=948 descartadas=0.
[15:20:40.531] Cena 0.18.0: ceu_R/B=1.091 mediana=1.0 faixa_p90-p10=36.1 saturacao=0.065 media=10.7 amostra=1980.
[15:20:46.859] Custo GPU do passe: media=1.125 ms minimo=0.974 ms pico=1.553 ms amostras=815 descartadas=0.
[15:20:56.864] Custo GPU do passe: media=1.093 ms minimo=0.976 ms pico=1.559 ms amostras=875 descartadas=0.
[15:21:06.871] Custo GPU do passe: media=1.109 ms minimo=0.960 ms pico=1.565 ms amostras=869 descartadas=0.
[15:21:10.704] Cena 0.18.0: ceu_R/B=0.875 mediana=2.0 faixa_p90-p10=32.6 saturacao=0.073 media=10.0 amostra=1980.
[15:21:16.879] Custo GPU do passe: media=1.074 ms minimo=0.972 ms pico=1.794 ms amostras=834 descartadas=0.
[15:21:26.887] Custo GPU do passe: media=1.135 ms minimo=0.973 ms pico=1.590 ms amostras=742 descartadas=0.
[15:21:36.894] Custo GPU do passe: media=1.187 ms minimo=0.970 ms pico=1.895 ms amostras=745 descartadas=0.
[15:21:41.002] Cena 0.18.0: ceu_R/B=1.081 mediana=2.1 faixa_p90-p10=22.9 saturacao=0.115 media=8.4 amostra=1980.
[15:21:46.900] Custo GPU do passe: media=1.182 ms minimo=0.974 ms pico=1.792 ms amostras=746 descartadas=0.
[15:21:56.910] Custo GPU do passe: media=1.106 ms minimo=0.974 ms pico=1.542 ms amostras=813 descartadas=0.
[15:22:06.912] Custo GPU do passe: media=1.139 ms minimo=0.986 ms pico=1.698 ms amostras=806 descartadas=0.
[15:22:11.078] Cena 0.18.0: ceu_R/B=1.179 mediana=1.0 faixa_p90-p10=26.9 saturacao=0.077 media=8.9 amostra=1980.
[15:22:16.919] Custo GPU do passe: media=1.171 ms minimo=0.982 ms pico=1.698 ms amostras=768 descartadas=0.
[15:22:26.929] Custo GPU do passe: media=1.150 ms minimo=0.965 ms pico=1.613 ms amostras=725 descartadas=0.
[15:22:36.942] Custo GPU do passe: media=1.126 ms minimo=0.946 ms pico=1.591 ms amostras=793 descartadas=0.
[15:22:41.437] Cena 0.18.0: ceu_R/B=0.809 mediana=2.0 faixa_p90-p10=32.9 saturacao=0.079 media=10.0 amostra=1980.
[15:22:46.946] Custo GPU do passe: media=1.141 ms minimo=0.951 ms pico=1.677 ms amostras=815 descartadas=0.
[15:22:56.950] Custo GPU do passe: media=1.100 ms minimo=0.938 ms pico=2.153 ms amostras=826 descartadas=0.
[15:23:06.958] Custo GPU do passe: media=1.087 ms minimo=0.954 ms pico=1.546 ms amostras=827 descartadas=0.
[15:23:11.777] Cena 0.18.0: ceu_R/B=0.884 mediana=3.0 faixa_p90-p10=47.1 saturacao=0.071 media=13.1 amostra=1980.
[15:23:16.970] Custo GPU do passe: media=1.109 ms minimo=0.971 ms pico=1.568 ms amostras=782 descartadas=0.
[15:23:26.975] Custo GPU do passe: media=1.122 ms minimo=0.969 ms pico=1.585 ms amostras=703 descartadas=0.
[15:23:36.981] Custo GPU do passe: media=1.140 ms minimo=0.965 ms pico=1.922 ms amostras=664 descartadas=0.
[15:23:41.818] Cena 0.18.0: ceu_R/B=1.005 mediana=4.0 faixa_p90-p10=29.0 saturacao=0.092 media=9.7 amostra=1980.
[15:23:46.993] Custo GPU do passe: media=1.179 ms minimo=0.960 ms pico=1.562 ms amostras=617 descartadas=0.
[15:23:56.995] Custo GPU do passe: media=1.176 ms minimo=0.963 ms pico=1.602 ms amostras=621 descartadas=0.
[15:24:06.998] Custo GPU do passe: media=1.127 ms minimo=0.963 ms pico=1.478 ms amostras=635 descartadas=0.
[15:24:11.949] Cena 0.18.0: ceu_R/B=1.245 mediana=22.0 faixa_p90-p10=100.5 saturacao=0.133 media=40.0 amostra=1980.
[15:24:17.006] Custo GPU do passe: media=1.132 ms minimo=0.973 ms pico=1.474 ms amostras=645 descartadas=0.
[15:24:27.011] Custo GPU do passe: media=1.224 ms minimo=0.964 ms pico=1.738 ms amostras=630 descartadas=0.
[15:24:37.014] Custo GPU do passe: media=1.130 ms minimo=0.949 ms pico=1.558 ms amostras=626 descartadas=0.
[15:24:41.985] Cena 0.18.0: ceu_R/B=0.993 mediana=8.9 faixa_p90-p10=56.4 saturacao=0.087 media=19.5 amostra=1980.
[15:24:47.025] Custo GPU do passe: media=1.203 ms minimo=0.956 ms pico=1.723 ms amostras=616 descartadas=0.
[15:24:57.025] Custo GPU do passe: media=1.306 ms minimo=0.986 ms pico=1.644 ms amostras=591 descartadas=0.
[15:25:07.026] Custo GPU do passe: media=1.241 ms minimo=0.934 ms pico=1.673 ms amostras=592 descartadas=0.
[15:25:12.320] Cena 0.18.0: ceu_R/B=1.018 mediana=4.8 faixa_p90-p10=40.7 saturacao=0.088 media=13.4 amostra=1980.
[15:25:17.036] Custo GPU do passe: media=1.287 ms minimo=0.955 ms pico=1.881 ms amostras=586 descartadas=0.
[15:25:27.046] Custo GPU do passe: media=1.277 ms minimo=0.964 ms pico=1.776 ms amostras=611 descartadas=0.
[15:25:37.048] Custo GPU do passe: media=1.225 ms minimo=0.972 ms pico=1.886 ms amostras=673 descartadas=0.
[15:25:42.484] Cena 0.18.0: ceu_R/B=0.924 mediana=3.0 faixa_p90-p10=31.2 saturacao=0.060 media=10.6 amostra=1980.
[15:25:47.051] Custo GPU do passe: media=1.124 ms minimo=0.970 ms pico=1.612 ms amostras=715 descartadas=0.
[15:25:57.050] Custo GPU do passe: media=1.128 ms minimo=0.978 ms pico=1.614 ms amostras=704 descartadas=0.
[15:26:07.056] Custo GPU do passe: media=1.132 ms minimo=0.948 ms pico=1.556 ms amostras=669 descartadas=0.
[15:26:12.601] Cena 0.18.0: ceu_R/B=1.205 mediana=14.9 faixa_p90-p10=101.8 saturacao=0.134 media=35.3 amostra=1980.
[15:26:17.066] Custo GPU do passe: media=1.105 ms minimo=0.983 ms pico=1.594 ms amostras=673 descartadas=0.
[15:26:27.066] Custo GPU do passe: media=1.130 ms minimo=0.961 ms pico=1.449 ms amostras=666 descartadas=0.
[15:26:37.077] Custo GPU do passe: media=1.131 ms minimo=0.998 ms pico=1.548 ms amostras=667 descartadas=0.
[15:26:42.603] Cena 0.18.0: ceu_R/B=1.103 mediana=25.4 faixa_p90-p10=102.7 saturacao=0.108 media=44.2 amostra=1980.
[15:26:47.078] Custo GPU do passe: media=1.102 ms minimo=1.006 ms pico=1.550 ms amostras=678 descartadas=0.
[15:26:57.084] Custo GPU do passe: media=1.125 ms minimo=1.014 ms pico=1.505 ms amostras=698 descartadas=0.
[15:27:07.093] Custo GPU do passe: media=1.097 ms minimo=0.959 ms pico=1.488 ms amostras=778 descartadas=0.
[15:27:12.799] Cena 0.18.0: ceu_R/B=1.223 mediana=13.9 faixa_p90-p10=89.0 saturacao=0.091 media=34.6 amostra=1980.
[15:27:17.096] Custo GPU do passe: media=1.117 ms minimo=1.001 ms pico=1.498 ms amostras=880 descartadas=0.
[15:27:27.106] Custo GPU do passe: media=1.106 ms minimo=0.995 ms pico=1.528 ms amostras=836 descartadas=0.
[15:27:37.110] Custo GPU do passe: media=1.128 ms minimo=1.034 ms pico=1.493 ms amostras=926 descartadas=0.
[15:27:43.040] Cena 0.18.0: ceu_R/B=0.896 mediana=2.0 faixa_p90-p10=27.1 saturacao=0.047 media=8.6 amostra=1980.
[15:27:47.115] Custo GPU do passe: media=1.140 ms minimo=1.035 ms pico=1.469 ms amostras=947 descartadas=0.
[15:27:57.125] Custo GPU do passe: media=1.126 ms minimo=0.989 ms pico=1.491 ms amostras=873 descartadas=0.
[15:28:07.129] Custo GPU do passe: media=1.084 ms minimo=0.973 ms pico=1.669 ms amostras=780 descartadas=0.
[15:28:13.360] Cena 0.18.0: ceu_R/B=0.985 mediana=17.8 faixa_p90-p10=84.8 saturacao=0.127 media=34.9 amostra=1980.
[15:28:17.132] Custo GPU do passe: media=1.083 ms minimo=0.962 ms pico=1.521 ms amostras=819 descartadas=0.
[15:28:27.134] Custo GPU do passe: media=1.097 ms minimo=0.964 ms pico=1.544 ms amostras=747 descartadas=0.
[15:28:37.145] Custo GPU do passe: media=1.144 ms minimo=0.966 ms pico=2.066 ms amostras=679 descartadas=0.
[15:28:43.477] Cena 0.18.0: ceu_R/B=1.214 mediana=15.7 faixa_p90-p10=100.4 saturacao=0.124 media=36.7 amostra=1980.
[15:28:47.150] Custo GPU do passe: media=1.157 ms minimo=0.957 ms pico=1.615 ms amostras=696 descartadas=0.
[15:28:57.153] Custo GPU do passe: media=1.183 ms minimo=0.949 ms pico=1.670 ms amostras=662 descartadas=0.
[15:29:07.159] Custo GPU do passe: media=1.096 ms minimo=0.939 ms pico=1.537 ms amostras=721 descartadas=0.
[15:29:13.540] Cena 0.18.0: ceu_R/B=1.100 mediana=19.1 faixa_p90-p10=113.7 saturacao=0.196 media=41.3 amostra=1980.
[15:29:17.170] Custo GPU do passe: media=1.090 ms minimo=0.954 ms pico=1.554 ms amostras=749 descartadas=0.
[15:29:27.180] Custo GPU do passe: media=1.155 ms minimo=0.957 ms pico=1.605 ms amostras=699 descartadas=0.
[15:29:37.183] Custo GPU do passe: media=1.125 ms minimo=0.969 ms pico=1.476 ms amostras=691 descartadas=0.
[15:29:43.610] Cena 0.18.0: ceu_R/B=1.190 mediana=5.9 faixa_p90-p10=42.7 saturacao=0.078 media=15.2 amostra=1980.
[15:29:47.190] Custo GPU do passe: media=1.116 ms minimo=0.961 ms pico=1.544 ms amostras=721 descartadas=0.
[15:29:57.202] Custo GPU do passe: media=1.150 ms minimo=0.984 ms pico=1.603 ms amostras=736 descartadas=0.
[15:30:07.211] Custo GPU do passe: media=1.143 ms minimo=0.970 ms pico=1.613 ms amostras=725 descartadas=0.
[15:30:13.867] Cena 0.18.0: ceu_R/B=0.882 mediana=2.0 faixa_p90-p10=34.9 saturacao=0.074 media=9.8 amostra=1980.
[15:30:17.212] Custo GPU do passe: media=1.118 ms minimo=0.966 ms pico=1.533 ms amostras=717 descartadas=0.
[15:30:27.217] Custo GPU do passe: media=1.145 ms minimo=0.977 ms pico=1.567 ms amostras=708 descartadas=0.
[15:30:37.225] Custo GPU do passe: media=1.125 ms minimo=0.988 ms pico=2.221 ms amostras=683 descartadas=0.
[15:30:43.920] Cena 0.18.0: ceu_R/B=1.323 mediana=4.1 faixa_p90-p10=77.6 saturacao=0.094 media=21.5 amostra=1980.
[15:30:47.233] Custo GPU do passe: media=1.111 ms minimo=0.984 ms pico=1.482 ms amostras=699 descartadas=0.
[15:30:57.237] Custo GPU do passe: media=1.148 ms minimo=0.969 ms pico=2.289 ms amostras=713 descartadas=0.
[15:31:07.248] Custo GPU do passe: media=1.185 ms minimo=0.946 ms pico=1.703 ms amostras=729 descartadas=0.
[15:31:14.311] Cena 0.18.0: ceu_R/B=0.901 mediana=3.0 faixa_p90-p10=51.0 saturacao=0.086 media=14.8 amostra=1980.
[15:31:17.251] Custo GPU do passe: media=1.085 ms minimo=0.936 ms pico=1.568 ms amostras=730 descartadas=0.
[15:31:27.258] Custo GPU do passe: media=1.104 ms minimo=0.962 ms pico=1.472 ms amostras=743 descartadas=0.
[15:31:37.259] Custo GPU do passe: media=1.082 ms minimo=0.964 ms pico=1.508 ms amostras=893 descartadas=0.
[15:31:44.476] Cena 0.18.0: ceu_R/B=0.930 mediana=1.0 faixa_p90-p10=29.0 saturacao=0.058 media=11.8 amostra=1980.
[15:31:47.266] Custo GPU do passe: media=1.096 ms minimo=0.995 ms pico=1.520 ms amostras=943 descartadas=0.
[15:31:57.276] Custo GPU do passe: media=1.163 ms minimo=0.990 ms pico=1.581 ms amostras=709 descartadas=0.
[15:32:07.289] Custo GPU do passe: media=1.194 ms minimo=0.977 ms pico=1.634 ms amostras=648 descartadas=0.
[15:32:14.774] Cena 0.18.0: ceu_R/B=0.890 mediana=5.0 faixa_p90-p10=47.9 saturacao=0.080 media=15.1 amostra=1980.
[15:32:17.302] Custo GPU do passe: media=1.136 ms minimo=0.972 ms pico=1.635 ms amostras=704 descartadas=0.
[15:32:27.309] Custo GPU do passe: media=1.106 ms minimo=0.976 ms pico=1.518 ms amostras=685 descartadas=0.
[15:32:37.311] Custo GPU do passe: media=1.893 ms minimo=1.024 ms pico=3.246 ms amostras=1034 descartadas=0.
[15:32:44.941] Cena 0.18.0: ceu_R/B=1.000 mediana=45.0 faixa_p90-p10=49.2 saturacao=0.050 media=51.1 amostra=1980.
[15:32:47.313] Custo GPU do passe: media=2.330 ms minimo=1.268 ms pico=3.213 ms amostras=1181 descartadas=0.
[15:32:57.321] Custo GPU do passe: media=1.390 ms minimo=1.014 ms pico=3.108 ms amostras=829 descartadas=0.
[15:33:07.331] Custo GPU do passe: media=1.137 ms minimo=0.999 ms pico=1.579 ms amostras=645 descartadas=0.
[15:33:15.003] Cena 0.18.0: ceu_R/B=1.096 mediana=4.0 faixa_p90-p10=79.8 saturacao=0.093 media=24.2 amostra=1980.
[15:33:17.332] Custo GPU do passe: media=1.133 ms minimo=0.999 ms pico=1.551 ms amostras=696 descartadas=0.
[15:33:27.332] Custo GPU do passe: media=1.099 ms minimo=1.005 ms pico=1.537 ms amostras=778 descartadas=0.
[15:33:37.347] Custo GPU do passe: media=1.144 ms minimo=0.978 ms pico=1.624 ms amostras=627 descartadas=0.
[15:33:45.125] Cena 0.18.0: ceu_R/B=0.937 mediana=3.0 faixa_p90-p10=63.5 saturacao=0.085 media=16.8 amostra=1980.
[15:33:47.362] Custo GPU do passe: media=1.279 ms minimo=0.981 ms pico=2.090 ms amostras=571 descartadas=0.
[15:33:57.365] Custo GPU do passe: media=1.292 ms minimo=0.979 ms pico=2.004 ms amostras=574 descartadas=0.
[15:34:07.373] Custo GPU do passe: media=1.155 ms minimo=0.974 ms pico=1.462 ms amostras=619 descartadas=0.
[15:34:15.533] Cena 0.18.0: ceu_R/B=1.187 mediana=15.9 faixa_p90-p10=121.2 saturacao=0.126 media=40.3 amostra=1980.
[15:34:17.385] Custo GPU do passe: media=1.147 ms minimo=0.975 ms pico=1.696 ms amostras=642 descartadas=0.
[15:34:27.400] Custo GPU do passe: media=1.205 ms minimo=0.967 ms pico=1.627 ms amostras=635 descartadas=0.
[15:34:37.402] Custo GPU do passe: media=1.127 ms minimo=0.981 ms pico=1.562 ms amostras=691 descartadas=0.
[15:34:45.786] Cena 0.18.0: ceu_R/B=1.111 mediana=11.9 faixa_p90-p10=87.8 saturacao=0.108 media=29.5 amostra=1980.
[15:34:47.408] Custo GPU do passe: media=1.110 ms minimo=0.974 ms pico=1.512 ms amostras=719 descartadas=0.
[15:34:57.417] Custo GPU do passe: media=1.120 ms minimo=0.999 ms pico=1.559 ms amostras=791 descartadas=0.
[15:35:07.424] Custo GPU do passe: media=1.114 ms minimo=0.979 ms pico=1.538 ms amostras=804 descartadas=0.
[15:35:16.229] Cena 0.18.0: ceu_R/B=0.954 mediana=13.8 faixa_p90-p10=86.3 saturacao=0.124 media=30.3 amostra=1980.
[15:35:17.429] Custo GPU do passe: media=1.109 ms minimo=0.984 ms pico=1.529 ms amostras=642 descartadas=0.
[15:35:27.433] Custo GPU do passe: media=1.141 ms minimo=0.968 ms pico=1.516 ms amostras=675 descartadas=0.
[15:35:37.438] Custo GPU do passe: media=1.157 ms minimo=1.016 ms pico=1.569 ms amostras=775 descartadas=0.
[15:35:46.449] Cena 0.18.0: ceu_R/B=1.092 mediana=3.1 faixa_p90-p10=43.1 saturacao=0.104 media=14.5 amostra=1980.
[15:35:47.445] Custo GPU do passe: media=1.119 ms minimo=0.995 ms pico=1.457 ms amostras=737 descartadas=0.
[15:35:57.446] Custo GPU do passe: media=1.149 ms minimo=0.990 ms pico=1.966 ms amostras=686 descartadas=0.
[15:36:07.453] Custo GPU do passe: media=1.230 ms minimo=0.981 ms pico=1.717 ms amostras=617 descartadas=0.
[15:36:16.512] Cena 0.18.0: ceu_R/B=1.173 mediana=5.0 faixa_p90-p10=50.2 saturacao=0.089 media=15.3 amostra=1980.
[15:36:17.462] Custo GPU do passe: media=1.134 ms minimo=0.985 ms pico=1.614 ms amostras=671 descartadas=0.
[15:36:27.469] Custo GPU do passe: media=1.129 ms minimo=0.996 ms pico=1.535 ms amostras=731 descartadas=0.
[15:36:37.479] Custo GPU do passe: media=1.150 ms minimo=1.000 ms pico=1.594 ms amostras=736 descartadas=0.
[15:36:46.806] Cena 0.18.0: ceu_R/B=1.132 mediana=1.0 faixa_p90-p10=30.8 saturacao=0.056 media=7.9 amostra=1980.
[15:36:47.488] Custo GPU do passe: media=1.151 ms minimo=1.013 ms pico=1.612 ms amostras=836 descartadas=0.
[15:36:57.496] Custo GPU do passe: media=1.112 ms minimo=1.007 ms pico=1.467 ms amostras=808 descartadas=0.
[15:37:07.499] Custo GPU do passe: media=1.127 ms minimo=1.002 ms pico=1.540 ms amostras=739 descartadas=0.
[15:37:16.942] Cena 0.18.0: ceu_R/B=0.891 mediana=6.0 faixa_p90-p10=63.0 saturacao=0.124 media=19.1 amostra=1980.
[15:37:17.500] Custo GPU do passe: media=1.137 ms minimo=0.969 ms pico=1.575 ms amostras=684 descartadas=0.
[15:37:27.509] Custo GPU do passe: media=1.087 ms minimo=0.997 ms pico=1.651 ms amostras=753 descartadas=0.
[15:37:37.510] Custo GPU do passe: media=1.084 ms minimo=0.986 ms pico=1.534 ms amostras=851 descartadas=0.
[15:37:47.005] Cena 0.18.0: ceu_R/B=0.894 mediana=11.9 faixa_p90-p10=78.8 saturacao=0.110 media=25.2 amostra=1980.
[15:37:47.519] Custo GPU do passe: media=1.110 ms minimo=0.986 ms pico=1.552 ms amostras=825 descartadas=0.
[15:37:57.524] Custo GPU do passe: media=1.102 ms minimo=0.986 ms pico=1.494 ms amostras=804 descartadas=0.
[15:38:07.529] Custo GPU do passe: media=1.111 ms minimo=0.961 ms pico=1.497 ms amostras=726 descartadas=0.
[15:38:17.203] Cena 0.18.0: ceu_R/B=0.927 mediana=3.0 faixa_p90-p10=37.8 saturacao=0.081 media=13.5 amostra=1980.
[15:38:17.537] Custo GPU do passe: media=1.106 ms minimo=0.981 ms pico=1.575 ms amostras=797 descartadas=0.
[15:38:27.536] Custo GPU do passe: media=1.100 ms minimo=0.958 ms pico=1.610 ms amostras=815 descartadas=0.
[15:38:37.544] Custo GPU do passe: media=1.106 ms minimo=0.987 ms pico=1.613 ms amostras=769 descartadas=0.
[15:38:47.205] Cena 0.18.0: ceu_R/B=0.946 mediana=11.1 faixa_p90-p10=66.6 saturacao=0.129 media=23.5 amostra=1980.
[15:38:47.553] Custo GPU do passe: media=1.108 ms minimo=0.964 ms pico=1.614 ms amostras=723 descartadas=0.
[15:38:57.558] Custo GPU do passe: media=1.152 ms minimo=0.963 ms pico=1.602 ms amostras=766 descartadas=0.
[15:39:07.561] Custo GPU do passe: media=1.117 ms minimo=1.008 ms pico=1.580 ms amostras=811 descartadas=0.
[15:39:17.402] Cena 0.18.0: ceu_R/B=0.929 mediana=6.1 faixa_p90-p10=94.7 saturacao=0.110 media=25.2 amostra=1980.
[15:39:17.569] Custo GPU do passe: media=1.117 ms minimo=0.984 ms pico=1.568 ms amostras=782 descartadas=0.
[15:39:27.574] Custo GPU do passe: media=1.116 ms minimo=0.989 ms pico=1.576 ms amostras=933 descartadas=0.
[15:39:37.577] Custo GPU do passe: media=1.158 ms minimo=1.055 ms pico=1.544 ms amostras=1029 descartadas=0.
[15:39:47.460] Cena 0.18.0: ceu_R/B=0.929 mediana=4.8 faixa_p90-p10=41.8 saturacao=0.093 media=13.3 amostra=1980.
[15:39:47.583] Custo GPU do passe: media=1.111 ms minimo=0.974 ms pico=1.719 ms amostras=914 descartadas=0.
[15:39:57.587] Custo GPU do passe: media=1.100 ms minimo=0.997 ms pico=1.554 ms amostras=888 descartadas=0.
[15:40:07.594] Custo GPU do passe: media=1.123 ms minimo=1.006 ms pico=2.022 ms amostras=883 descartadas=0.
[15:40:17.596] Custo GPU do passe: media=1.144 ms minimo=1.034 ms pico=3.001 ms amostras=873 descartadas=0.
[15:40:17.760] Cena 0.18.0: ceu_R/B=0.987 mediana=4.0 faixa_p90-p10=36.6 saturacao=0.120 media=12.5 amostra=1980.
[15:40:27.617] Custo GPU do passe: media=1.178 ms minimo=1.117 ms pico=1.550 ms amostras=1003 descartadas=0.
[15:40:37.620] Custo GPU do passe: media=1.165 ms minimo=1.097 ms pico=1.520 ms amostras=1016 descartadas=0.
[15:40:47.619] Custo GPU do passe: media=1.165 ms minimo=1.037 ms pico=1.523 ms amostras=1065 descartadas=0.
[15:40:47.815] Cena 0.18.0: ceu_R/B=0.846 mediana=3.0 faixa_p90-p10=26.0 saturacao=0.134 media=8.9 amostra=1980.
[15:40:57.623] Custo GPU do passe: media=1.166 ms minimo=1.053 ms pico=1.547 ms amostras=1129 descartadas=0.
[15:41:07.630] Custo GPU do passe: media=1.161 ms minimo=1.028 ms pico=2.315 ms amostras=1067 descartadas=0.
[15:41:17.634] Custo GPU do passe: media=1.165 ms minimo=1.025 ms pico=1.488 ms amostras=1132 descartadas=0.
[15:41:17.863] Cena 0.18.0: ceu_R/B=0.775 mediana=5.7 faixa_p90-p10=33.4 saturacao=0.174 media=11.7 amostra=1980.
[15:41:27.641] Custo GPU do passe: media=1.100 ms minimo=0.993 ms pico=1.565 ms amostras=1012 descartadas=0.
[15:41:37.649] Custo GPU do passe: media=1.097 ms minimo=1.002 ms pico=1.564 ms amostras=935 descartadas=0.
[15:41:47.651] Custo GPU do passe: media=1.108 ms minimo=0.998 ms pico=1.519 ms amostras=929 descartadas=0.
[15:41:47.943] Cena 0.18.0: ceu_R/B=0.857 mediana=17.8 faixa_p90-p10=68.8 saturacao=0.173 media=29.0 amostra=1980.
[15:41:57.658] Custo GPU do passe: media=1.116 ms minimo=1.018 ms pico=1.535 ms amostras=956 descartadas=0.
[15:42:07.660] Custo GPU do passe: media=1.127 ms minimo=1.019 ms pico=1.527 ms amostras=959 descartadas=0.
[15:42:17.663] Custo GPU do passe: media=1.138 ms minimo=1.014 ms pico=1.558 ms amostras=989 descartadas=0.
[15:42:18.009] Cena 0.18.0: ceu_R/B=0.742 mediana=10.2 faixa_p90-p10=39.3 saturacao=0.209 media=15.5 amostra=1980.
[15:42:27.672] Custo GPU do passe: media=1.164 ms minimo=1.051 ms pico=1.581 ms amostras=1007 descartadas=0.
[15:42:37.675] Custo GPU do passe: media=1.187 ms minimo=1.131 ms pico=1.568 ms amostras=1003 descartadas=0.
[15:42:47.681] Custo GPU do passe: media=1.183 ms minimo=1.104 ms pico=1.570 ms amostras=1003 descartadas=0.
[15:42:48.181] Cena 0.18.0: ceu_R/B=0.725 mediana=11.8 faixa_p90-p10=37.4 saturacao=0.286 media=16.3 amostra=1980.
[15:42:57.690] Custo GPU do passe: media=1.174 ms minimo=1.082 ms pico=1.584 ms amostras=1005 descartadas=0.
[15:43:07.690] Custo GPU do passe: media=1.150 ms minimo=1.015 ms pico=2.130 ms amostras=972 descartadas=0.
[15:43:17.700] Custo GPU do passe: media=1.158 ms minimo=1.019 ms pico=1.573 ms amostras=1010 descartadas=0.
[15:43:18.330] Cena 0.18.0: ceu_R/B=0.751 mediana=14.8 faixa_p90-p10=46.8 saturacao=0.349 media=21.1 amostra=1980.
[15:43:27.706] Custo GPU do passe: media=1.173 ms minimo=1.065 ms pico=1.503 ms amostras=1053 descartadas=0.
[15:43:37.708] Custo GPU do passe: media=1.176 ms minimo=1.061 ms pico=1.505 ms amostras=996 descartadas=0.
[15:43:47.712] Custo GPU do passe: media=1.179 ms minimo=1.038 ms pico=1.507 ms amostras=896 descartadas=0.
[15:43:48.340] Cena 0.18.0: ceu_R/B=0.787 mediana=18.3 faixa_p90-p10=47.8 saturacao=0.348 media=22.8 amostra=1980.
[15:43:57.721] Custo GPU do passe: media=1.190 ms minimo=1.118 ms pico=1.531 ms amostras=896 descartadas=0.
[15:44:07.721] Custo GPU do passe: media=1.182 ms minimo=1.121 ms pico=1.549 ms amostras=923 descartadas=0.
[15:44:17.723] Custo GPU do passe: media=1.171 ms minimo=1.118 ms pico=1.515 ms amostras=990 descartadas=0.
[15:44:18.421] Cena 0.18.0: ceu_R/B=1.173 mediana=40.0 faixa_p90-p10=64.4 saturacao=0.366 media=39.6 amostra=1980.
[15:44:27.726] Custo GPU do passe: media=1.177 ms minimo=1.098 ms pico=1.612 ms amostras=994 descartadas=0.
[15:44:37.731] Custo GPU do passe: media=1.169 ms minimo=1.105 ms pico=1.601 ms amostras=993 descartadas=0.
[15:44:47.739] Custo GPU do passe: media=1.197 ms minimo=1.059 ms pico=1.546 ms amostras=931 descartadas=0.
[15:44:48.712] Cena 0.18.0: ceu_R/B=0.859 mediana=33.3 faixa_p90-p10=72.1 saturacao=0.251 media=41.9 amostra=1980.
[15:44:57.748] Custo GPU do passe: media=1.153 ms minimo=1.008 ms pico=1.522 ms amostras=906 descartadas=0.
[15:45:07.751] Custo GPU do passe: media=1.148 ms minimo=1.079 ms pico=1.516 ms amostras=883 descartadas=0.
[15:45:17.758] Custo GPU do passe: media=1.169 ms minimo=1.098 ms pico=1.543 ms amostras=939 descartadas=0.
[15:45:18.739] Cena 0.18.0: ceu_R/B=0.941 mediana=45.7 faixa_p90-p10=82.9 saturacao=0.319 media=46.7 amostra=1980.
[15:45:27.767] Custo GPU do passe: media=1.181 ms minimo=1.103 ms pico=1.565 ms amostras=947 descartadas=0.
[15:45:37.768] Custo GPU do passe: media=1.191 ms minimo=1.041 ms pico=1.610 ms amostras=958 descartadas=0.
[15:45:47.774] Custo GPU do passe: media=1.198 ms minimo=1.139 ms pico=1.582 ms amostras=940 descartadas=0.
[15:45:48.820] Cena 0.18.0: ceu_R/B=0.896 mediana=29.9 faixa_p90-p10=66.8 saturacao=0.304 media=34.6 amostra=1980.
[15:45:57.775] Custo GPU do passe: media=1.181 ms minimo=1.105 ms pico=1.582 ms amostras=954 descartadas=0.
[15:46:07.778] Custo GPU do passe: media=1.184 ms minimo=1.105 ms pico=1.679 ms amostras=929 descartadas=0.
[15:46:17.779] Custo GPU do passe: media=1.177 ms minimo=1.104 ms pico=1.566 ms amostras=889 descartadas=0.
[15:46:19.084] Cena 0.18.0: ceu_R/B=1.044 mediana=30.8 faixa_p90-p10=89.5 saturacao=0.301 media=41.0 amostra=1980.
[15:46:27.786] Custo GPU do passe: media=1.185 ms minimo=1.103 ms pico=1.600 ms amostras=923 descartadas=0.
[15:46:37.792] Custo GPU do passe: media=1.189 ms minimo=1.129 ms pico=1.616 ms amostras=962 descartadas=0.
[15:46:47.797] Custo GPU do passe: media=1.193 ms minimo=1.124 ms pico=1.592 ms amostras=975 descartadas=0.
[15:46:49.167] Cena 0.18.0: ceu_R/B=0.765 mediana=32.6 faixa_p90-p10=66.4 saturacao=0.347 media=36.0 amostra=1980.
[15:46:57.805] Custo GPU do passe: media=1.198 ms minimo=1.128 ms pico=1.541 ms amostras=999 descartadas=0.
[15:47:07.810] Custo GPU do passe: media=1.178 ms minimo=1.048 ms pico=1.591 ms amostras=930 descartadas=0.
[15:47:17.815] Custo GPU do passe: media=1.184 ms minimo=1.077 ms pico=1.519 ms amostras=916 descartadas=0.
[15:47:19.443] Cena 0.18.0: ceu_R/B=1.041 mediana=34.0 faixa_p90-p10=84.7 saturacao=0.227 media=44.9 amostra=1980.
[15:47:27.820] Custo GPU do passe: media=1.158 ms minimo=1.035 ms pico=1.544 ms amostras=816 descartadas=0.
[15:47:37.832] Custo GPU do passe: media=1.108 ms minimo=1.006 ms pico=1.650 ms amostras=714 descartadas=0.
[15:47:47.835] Custo GPU do passe: media=1.166 ms minimo=1.013 ms pico=1.547 ms amostras=616 descartadas=0.
[15:47:49.842] Cena 0.18.0: ceu_R/B=0.889 mediana=38.0 faixa_p90-p10=93.6 saturacao=0.273 media=45.9 amostra=1980.
[15:47:57.849] Custo GPU do passe: media=1.127 ms minimo=0.972 ms pico=1.585 ms amostras=612 descartadas=0.
[15:48:07.853] Custo GPU do passe: media=1.152 ms minimo=0.991 ms pico=1.585 ms amostras=648 descartadas=0.
[15:48:17.858] Custo GPU do passe: media=1.141 ms minimo=1.020 ms pico=1.648 ms amostras=783 descartadas=0.
[15:48:20.202] Cena 0.18.0: ceu_R/B=0.908 mediana=41.1 faixa_p90-p10=113.9 saturacao=0.270 media=54.5 amostra=1980.
[15:48:27.868] Custo GPU do passe: media=1.133 ms minimo=0.971 ms pico=1.713 ms amostras=731 descartadas=0.
[15:48:37.878] Custo GPU do passe: media=1.165 ms minimo=0.989 ms pico=1.710 ms amostras=672 descartadas=0.
[15:48:47.889] Custo GPU do passe: media=1.241 ms minimo=0.970 ms pico=1.755 ms amostras=696 descartadas=0.
[15:48:50.488] Cena 0.18.0: ceu_R/B=0.919 mediana=38.1 faixa_p90-p10=121.5 saturacao=0.305 media=54.7 amostra=1980.
[15:48:57.891] Custo GPU do passe: media=1.174 ms minimo=0.997 ms pico=1.716 ms amostras=718 descartadas=0.
[15:49:07.903] Custo GPU do passe: media=1.134 ms minimo=1.001 ms pico=1.636 ms amostras=767 descartadas=0.
[15:49:17.914] Custo GPU do passe: media=1.192 ms minimo=1.014 ms pico=1.628 ms amostras=695 descartadas=0.
[15:49:20.613] Cena 0.18.0: ceu_R/B=0.846 mediana=43.3 faixa_p90-p10=107.4 saturacao=0.284 media=54.7 amostra=1980.
[15:49:27.914] Custo GPU do passe: media=1.183 ms minimo=0.992 ms pico=1.709 ms amostras=740 descartadas=0.
[15:49:37.915] Custo GPU do passe: media=1.179 ms minimo=1.019 ms pico=1.682 ms amostras=719 descartadas=0.
[15:49:47.927] Custo GPU do passe: media=1.199 ms minimo=1.006 ms pico=1.632 ms amostras=707 descartadas=0.
[15:49:50.730] Cena 0.18.0: ceu_R/B=0.861 mediana=52.4 faixa_p90-p10=109.3 saturacao=0.238 media=57.3 amostra=1980.
[15:49:57.938] Custo GPU do passe: media=1.185 ms minimo=1.011 ms pico=1.703 ms amostras=780 descartadas=0.
[15:50:07.941] Custo GPU do passe: media=1.186 ms minimo=0.996 ms pico=1.700 ms amostras=740 descartadas=0.
[15:50:17.941] Custo GPU do passe: media=1.160 ms minimo=0.986 ms pico=1.642 ms amostras=743 descartadas=0.
[15:50:20.928] Cena 0.18.0: ceu_R/B=0.797 mediana=60.3 faixa_p90-p10=140.1 saturacao=0.171 media=72.5 amostra=1980.
[15:50:27.942] Custo GPU do passe: media=1.128 ms minimo=0.961 ms pico=1.570 ms amostras=799 descartadas=0.
[15:50:37.952] Custo GPU do passe: media=1.161 ms minimo=0.973 ms pico=1.711 ms amostras=762 descartadas=0.
[15:50:47.959] Custo GPU do passe: media=1.128 ms minimo=0.982 ms pico=1.596 ms amostras=769 descartadas=0.
[15:50:51.001] Cena 0.18.0: ceu_R/B=0.843 mediana=45.2 faixa_p90-p10=119.2 saturacao=0.271 media=58.5 amostra=1980.
[15:50:57.961] Custo GPU do passe: media=1.135 ms minimo=0.982 ms pico=1.945 ms amostras=793 descartadas=0.
[15:51:07.963] Custo GPU do passe: media=1.190 ms minimo=0.978 ms pico=1.865 ms amostras=747 descartadas=0.
[15:51:17.976] Custo GPU do passe: media=1.124 ms minimo=0.973 ms pico=1.599 ms amostras=746 descartadas=0.
[15:51:21.378] Cena 0.18.0: ceu_R/B=0.865 mediana=49.1 faixa_p90-p10=102.6 saturacao=0.238 media=53.8 amostra=1980.
[15:51:27.983] Custo GPU do passe: media=1.202 ms minimo=1.017 ms pico=1.649 ms amostras=706 descartadas=0.
[15:51:37.995] Custo GPU do passe: media=1.197 ms minimo=0.976 ms pico=1.757 ms amostras=723 descartadas=0.
[15:51:48.002] Custo GPU do passe: media=1.163 ms minimo=0.989 ms pico=1.825 ms amostras=723 descartadas=0.
[15:51:51.668] Cena 0.18.0: ceu_R/B=0.765 mediana=42.9 faixa_p90-p10=125.5 saturacao=0.284 media=59.9 amostra=1980.
[15:51:58.009] Custo GPU do passe: media=1.138 ms minimo=0.956 ms pico=1.770 ms amostras=688 descartadas=0.
[15:52:08.015] Custo GPU do passe: media=1.152 ms minimo=0.983 ms pico=1.623 ms amostras=749 descartadas=0.
[15:52:18.025] Custo GPU do passe: media=1.132 ms minimo=0.998 ms pico=1.659 ms amostras=823 descartadas=0.
[15:52:21.791] Cena 0.18.0: ceu_R/B=0.831 mediana=45.0 faixa_p90-p10=141.5 saturacao=0.176 media=64.9 amostra=1980.
[15:52:28.029] Custo GPU do passe: media=1.102 ms minimo=1.018 ms pico=1.723 ms amostras=888 descartadas=0.
[15:52:38.040] Custo GPU do passe: media=1.140 ms minimo=0.958 ms pico=1.608 ms amostras=776 descartadas=0.
[15:52:48.046] Custo GPU do passe: media=1.276 ms minimo=1.034 ms pico=2.078 ms amostras=656 descartadas=0.
[15:52:52.039] Cena 0.18.0: ceu_R/B=0.904 mediana=52.7 faixa_p90-p10=105.6 saturacao=0.229 media=56.3 amostra=1980.
[15:52:58.057] Custo GPU do passe: media=1.199 ms minimo=1.010 ms pico=1.619 ms amostras=655 descartadas=0.
[15:53:08.066] Custo GPU do passe: media=1.154 ms minimo=0.994 ms pico=1.659 ms amostras=703 descartadas=0.
[15:53:18.076] Custo GPU do passe: media=1.128 ms minimo=1.014 ms pico=1.672 ms amostras=799 descartadas=0.
[15:53:22.402] Cena 0.18.0: ceu_R/B=0.880 mediana=45.1 faixa_p90-p10=99.2 saturacao=0.232 media=51.5 amostra=1980.
[15:53:28.081] Custo GPU do passe: media=1.143 ms minimo=1.018 ms pico=2.021 ms amostras=776 descartadas=0.
[15:53:38.088] Custo GPU do passe: media=1.121 ms minimo=1.023 ms pico=1.587 ms amostras=801 descartadas=0.
[15:53:48.091] Custo GPU do passe: media=1.159 ms minimo=1.022 ms pico=2.098 ms amostras=775 descartadas=0.
[15:53:52.610] Cena 0.18.0: ceu_R/B=0.851 mediana=45.1 faixa_p90-p10=91.8 saturacao=0.247 media=49.4 amostra=1980.
[15:53:58.095] Custo GPU do passe: media=1.151 ms minimo=1.023 ms pico=3.197 ms amostras=817 descartadas=0.
[15:54:08.104] Custo GPU do passe: media=1.135 ms minimo=1.025 ms pico=1.624 ms amostras=775 descartadas=0.
[15:54:18.112] Custo GPU do passe: media=1.113 ms minimo=1.026 ms pico=1.660 ms amostras=823 descartadas=0.
[15:54:22.906] Cena 0.18.0: ceu_R/B=0.841 mediana=46.1 faixa_p90-p10=89.5 saturacao=0.243 media=49.1 amostra=1980.
[15:54:28.117] Custo GPU do passe: media=1.138 ms minimo=1.029 ms pico=1.699 ms amostras=784 descartadas=0.
[15:54:38.118] Custo GPU do passe: media=1.113 ms minimo=1.029 ms pico=1.504 ms amostras=750 descartadas=0.
[15:54:48.129] Custo GPU do passe: media=1.124 ms minimo=1.031 ms pico=1.516 ms amostras=749 descartadas=0.
[15:54:53.199] Cena 0.18.0: ceu_R/B=0.835 mediana=40.2 faixa_p90-p10=80.6 saturacao=0.279 media=43.2 amostra=1980.
[15:54:58.134] Custo GPU do passe: media=1.139 ms minimo=1.000 ms pico=1.646 ms amostras=778 descartadas=0.
[15:55:08.135] Custo GPU do passe: media=1.136 ms minimo=1.021 ms pico=1.682 ms amostras=882 descartadas=0.
[15:55:18.142] Custo GPU do passe: media=1.132 ms minimo=1.028 ms pico=1.618 ms amostras=865 descartadas=0.
[15:55:23.540] Cena 0.18.0: ceu_R/B=0.770 mediana=27.7 faixa_p90-p10=76.2 saturacao=0.317 media=36.8 amostra=1980.
[15:55:28.145] Custo GPU do passe: media=1.117 ms minimo=1.000 ms pico=1.619 ms amostras=877 descartadas=0.
[15:55:38.155] Custo GPU do passe: media=1.105 ms minimo=0.995 ms pico=1.595 ms amostras=972 descartadas=0.
[15:55:48.156] Custo GPU do passe: media=1.122 ms minimo=1.001 ms pico=1.599 ms amostras=1055 descartadas=0.
[15:55:53.664] Cena 0.18.0: ceu_R/B=1.037 mediana=39.7 faixa_p90-p10=131.4 saturacao=0.273 media=53.6 amostra=1980.
[15:55:58.175] Custo GPU do passe: media=1.159 ms minimo=1.079 ms pico=1.503 ms amostras=1038 descartadas=0.
[15:56:08.180] Custo GPU do passe: media=1.180 ms minimo=1.124 ms pico=1.609 ms amostras=998 descartadas=0.
[15:56:18.183] Custo GPU do passe: media=1.181 ms minimo=1.086 ms pico=1.598 ms amostras=972 descartadas=0.
[15:56:23.888] Cena 0.18.0: ceu_R/B=0.823 mediana=36.3 faixa_p90-p10=71.0 saturacao=0.269 media=39.8 amostra=1980.
[15:56:28.187] Custo GPU do passe: media=1.171 ms minimo=1.029 ms pico=1.682 ms amostras=966 descartadas=0.
[15:56:38.191] Custo GPU do passe: media=1.160 ms minimo=1.008 ms pico=1.591 ms amostras=1076 descartadas=0.
[15:56:48.192] Custo GPU do passe: media=1.138 ms minimo=1.002 ms pico=1.570 ms amostras=1110 descartadas=0.
[15:56:54.096] Cena 0.18.0: ceu_R/B=0.930 mediana=50.4 faixa_p90-p10=93.8 saturacao=0.252 media=53.2 amostra=1980.
[15:56:58.198] Custo GPU do passe: media=1.138 ms minimo=1.027 ms pico=1.542 ms amostras=915 descartadas=0.
[15:57:08.204] Custo GPU do passe: media=1.146 ms minimo=1.036 ms pico=1.497 ms amostras=900 descartadas=0.
[15:57:18.211] Custo GPU do passe: media=1.126 ms minimo=1.001 ms pico=1.514 ms amostras=919 descartadas=0.
[15:57:24.164] Cena 0.18.0: ceu_R/B=1.075 mediana=58.1 faixa_p90-p10=93.7 saturacao=0.256 media=54.6 amostra=1980.
[15:57:28.216] Custo GPU do passe: media=1.145 ms minimo=1.023 ms pico=1.552 ms amostras=927 descartadas=0.
[15:57:38.222] Custo GPU do passe: media=1.170 ms minimo=1.039 ms pico=1.617 ms amostras=959 descartadas=0.
[15:57:48.228] Custo GPU do passe: media=1.146 ms minimo=1.034 ms pico=1.522 ms amostras=1022 descartadas=0.
[15:57:54.231] Cena 0.18.0: ceu_R/B=1.003 mediana=47.5 faixa_p90-p10=92.9 saturacao=0.228 media=50.4 amostra=1980.
[15:57:58.233] Custo GPU do passe: media=1.177 ms minimo=1.068 ms pico=1.539 ms amostras=1059 descartadas=0.
[15:58:08.242] Custo GPU do passe: media=1.163 ms minimo=1.080 ms pico=1.526 ms amostras=1030 descartadas=0.
[15:58:18.245] Custo GPU do passe: media=1.173 ms minimo=1.032 ms pico=1.574 ms amostras=1043 descartadas=0.
[15:58:24.507] Cena 0.18.0: ceu_R/B=0.840 mediana=46.2 faixa_p90-p10=81.0 saturacao=0.237 media=45.6 amostra=1980.
[15:58:28.245] Custo GPU do passe: media=1.118 ms minimo=0.999 ms pico=1.540 ms amostras=951 descartadas=0.
[15:58:38.249] Custo GPU do passe: media=1.135 ms minimo=0.997 ms pico=1.521 ms amostras=1007 descartadas=0.
[15:58:48.254] Custo GPU do passe: media=1.136 ms minimo=1.021 ms pico=1.570 ms amostras=895 descartadas=0.
[15:58:54.743] Cena 0.18.0: ceu_R/B=0.787 mediana=51.7 faixa_p90-p10=92.9 saturacao=0.239 media=51.9 amostra=1980.
[15:58:58.260] Custo GPU do passe: media=1.131 ms minimo=1.018 ms pico=1.580 ms amostras=975 descartadas=0.
[15:59:08.262] Custo GPU do passe: media=1.123 ms minimo=1.013 ms pico=1.502 ms amostras=936 descartadas=0.
[15:59:18.265] Custo GPU do passe: media=1.118 ms minimo=0.992 ms pico=1.550 ms amostras=882 descartadas=0.
[15:59:25.062] Cena 0.18.0: ceu_R/B=0.818 mediana=45.7 faixa_p90-p10=93.4 saturacao=0.255 media=50.5 amostra=1980.
[15:59:28.276] Custo GPU do passe: media=1.118 ms minimo=0.996 ms pico=1.616 ms amostras=871 descartadas=0.
[15:59:38.282] Custo GPU do passe: media=1.076 ms minimo=0.950 ms pico=1.484 ms amostras=881 descartadas=0.
[15:59:48.283] Custo GPU do passe: media=1.047 ms minimo=0.942 ms pico=2.472 ms amostras=895 descartadas=0.
[15:59:55.379] Cena 0.18.0: ceu_R/B=0.848 mediana=53.1 faixa_p90-p10=88.9 saturacao=0.246 media=51.1 amostra=1980.
[15:59:58.285] Custo GPU do passe: media=1.082 ms minimo=0.970 ms pico=1.477 ms amostras=908 descartadas=0.
[16:00:08.295] Custo GPU do passe: media=1.064 ms minimo=0.974 ms pico=1.457 ms amostras=915 descartadas=0.
[16:00:18.298] Custo GPU do passe: media=1.094 ms minimo=0.974 ms pico=1.488 ms amostras=920 descartadas=0.
[16:00:25.477] Cena 0.18.0: ceu_R/B=0.902 mediana=52.3 faixa_p90-p10=82.9 saturacao=0.238 media=49.2 amostra=1980.
[16:00:28.305] Custo GPU do passe: media=1.154 ms minimo=1.042 ms pico=1.594 ms amostras=981 descartadas=0.
[16:00:38.306] Custo GPU do passe: media=1.186 ms minimo=1.077 ms pico=1.532 ms amostras=1124 descartadas=0.
[16:00:48.315] Custo GPU do passe: media=1.187 ms minimo=1.129 ms pico=1.617 ms amostras=1104 descartadas=0.
[16:00:55.606] Cena 0.18.0: ceu_R/B=0.956 mediana=60.0 faixa_p90-p10=97.8 saturacao=0.267 media=57.1 amostra=1980.
[16:00:58.317] Custo GPU do passe: media=1.192 ms minimo=1.088 ms pico=1.600 ms amostras=1076 descartadas=0.
[16:01:08.319] Custo GPU do passe: media=1.182 ms minimo=1.046 ms pico=1.608 ms amostras=1074 descartadas=0.
[16:01:18.322] Custo GPU do passe: media=1.179 ms minimo=1.078 ms pico=1.555 ms amostras=1051 descartadas=0.
[16:01:25.756] Cena 0.18.0: ceu_R/B=1.016 mediana=67.3 faixa_p90-p10=120.5 saturacao=0.257 media=66.4 amostra=1980.
[16:01:28.329] Custo GPU do passe: media=1.144 ms minimo=1.016 ms pico=1.509 ms amostras=952 descartadas=0.
[16:01:38.334] Custo GPU do passe: media=1.156 ms minimo=1.012 ms pico=1.572 ms amostras=995 descartadas=0.
[16:01:48.343] Custo GPU do passe: media=1.156 ms minimo=1.016 ms pico=1.571 ms amostras=979 descartadas=0.
[16:01:56.028] Cena 0.18.0: ceu_R/B=0.864 mediana=73.6 faixa_p90-p10=141.5 saturacao=0.263 media=75.1 amostra=1980.
[16:01:58.343] Custo GPU do passe: media=1.165 ms minimo=1.019 ms pico=1.546 ms amostras=968 descartadas=0.
[16:02:08.346] Custo GPU do passe: media=1.144 ms minimo=1.018 ms pico=1.651 ms amostras=922 descartadas=0.
[16:02:18.356] Custo GPU do passe: media=1.139 ms minimo=1.029 ms pico=1.634 ms amostras=943 descartadas=0.
[16:02:26.280] Cena 0.18.0: ceu_R/B=0.842 mediana=76.9 faixa_p90-p10=150.8 saturacao=0.276 media=80.5 amostra=1980.
[16:02:28.365] Custo GPU do passe: media=1.147 ms minimo=1.005 ms pico=1.675 ms amostras=1023 descartadas=0.
[16:02:38.366] Custo GPU do passe: media=1.138 ms minimo=0.970 ms pico=1.510 ms amostras=1005 descartadas=0.
[16:02:48.370] Custo GPU do passe: media=1.136 ms minimo=0.998 ms pico=1.582 ms amostras=964 descartadas=0.
[16:02:56.598] Cena 0.18.0: ceu_R/B=0.791 mediana=96.0 faixa_p90-p10=178.4 saturacao=0.227 media=91.3 amostra=1980.
[16:02:58.373] Custo GPU do passe: media=1.101 ms minimo=1.003 ms pico=1.681 ms amostras=864 descartadas=0.
[16:03:08.376] Custo GPU do passe: media=1.139 ms minimo=1.023 ms pico=1.991 ms amostras=835 descartadas=0.
[16:03:18.384] Custo GPU do passe: media=1.138 ms minimo=0.997 ms pico=1.626 ms amostras=877 descartadas=0.
[16:03:26.903] Cena 0.18.0: ceu_R/B=0.939 mediana=79.6 faixa_p90-p10=135.1 saturacao=0.276 media=80.0 amostra=1980.
[16:03:28.386] Custo GPU do passe: media=1.138 ms minimo=1.040 ms pico=1.670 ms amostras=871 descartadas=0.
[16:03:38.387] Custo GPU do passe: media=1.141 ms minimo=1.029 ms pico=2.950 ms amostras=944 descartadas=0.
[16:03:48.393] Custo GPU do passe: media=1.161 ms minimo=1.022 ms pico=1.567 ms amostras=997 descartadas=0.
[16:03:56.906] Cena 0.18.0: ceu_R/B=0.781 mediana=82.8 faixa_p90-p10=165.1 saturacao=0.239 media=84.7 amostra=1980.
[16:03:58.400] Custo GPU do passe: media=1.167 ms minimo=1.054 ms pico=1.558 ms amostras=1025 descartadas=0.
[16:04:08.401] Custo GPU do passe: media=1.142 ms minimo=1.037 ms pico=1.611 ms amostras=909 descartadas=0.
[16:04:18.409] Custo GPU do passe: media=1.153 ms minimo=1.017 ms pico=1.590 ms amostras=964 descartadas=0.
[16:04:26.982] Cena 0.18.0: ceu_R/B=1.042 mediana=95.0 faixa_p90-p10=144.2 saturacao=0.234 media=85.6 amostra=1980.
[16:04:28.410] Custo GPU do passe: media=1.172 ms minimo=1.045 ms pico=1.625 ms amostras=991 descartadas=0.
[16:04:38.415] Custo GPU do passe: media=1.158 ms minimo=1.054 ms pico=1.550 ms amostras=981 descartadas=0.
[16:04:48.414] Custo GPU do passe: media=1.187 ms minimo=1.035 ms pico=1.622 ms amostras=1014 descartadas=0.
[16:04:56.998] Cena 0.18.0: ceu_R/B=1.035 mediana=90.8 faixa_p90-p10=137.1 saturacao=0.265 media=82.4 amostra=1980.
[16:04:58.415] Custo GPU do passe: media=1.176 ms minimo=1.090 ms pico=1.536 ms amostras=1050 descartadas=0.
[16:05:08.428] Custo GPU do passe: media=1.193 ms minimo=1.041 ms pico=1.611 ms amostras=1073 descartadas=0.
[16:05:18.433] Custo GPU do passe: media=1.202 ms minimo=1.107 ms pico=1.636 ms amostras=1015 descartadas=0.
[16:05:27.058] Cena 0.18.0: ceu_R/B=0.960 mediana=93.6 faixa_p90-p10=144.2 saturacao=0.252 media=91.9 amostra=1980.
[16:05:28.443] Custo GPU do passe: media=1.201 ms minimo=1.053 ms pico=1.639 ms amostras=1022 descartadas=0.
[16:05:38.446] Custo GPU do passe: media=1.183 ms minimo=1.065 ms pico=1.607 ms amostras=998 descartadas=0.
[16:05:48.456] Custo GPU do passe: media=1.128 ms minimo=1.011 ms pico=1.513 ms amostras=917 descartadas=0.
[16:05:57.181] Cena 0.18.0: ceu_R/B=0.959 mediana=88.2 faixa_p90-p10=170.9 saturacao=0.213 media=92.3 amostra=1980.
[16:05:58.462] Custo GPU do passe: media=1.140 ms minimo=0.976 ms pico=1.552 ms amostras=932 descartadas=0.
[16:06:08.467] Custo GPU do passe: media=1.241 ms minimo=1.024 ms pico=1.889 ms amostras=957 descartadas=0.
[16:06:18.474] Custo GPU do passe: media=1.367 ms minimo=1.292 ms pico=1.796 ms amostras=1142 descartadas=0.
[16:06:27.236] Cena 0.18.0: ceu_R/B=0.862 mediana=140.2 faixa_p90-p10=122.7 saturacao=0.202 media=133.3 amostra=1980.
[16:06:28.478] Custo GPU do passe: media=1.369 ms minimo=1.314 ms pico=1.723 ms amostras=1143 descartadas=0.
[16:06:38.485] Custo GPU do passe: media=1.270 ms minimo=1.026 ms pico=1.798 ms amostras=1041 descartadas=0.
[16:06:48.496] Custo GPU do passe: media=1.116 ms minimo=1.026 ms pico=1.521 ms amostras=883 descartadas=0.
[16:06:57.428] Cena 0.18.0: ceu_R/B=0.829 mediana=102.7 faixa_p90-p10=163.1 saturacao=0.231 media=98.7 amostra=1980.
[16:06:58.499] Custo GPU do passe: media=1.112 ms minimo=1.021 ms pico=1.492 ms amostras=879 descartadas=0.
[16:07:08.501] Custo GPU do passe: media=1.118 ms minimo=1.025 ms pico=1.670 ms amostras=878 descartadas=0.
[16:07:18.508] Custo GPU do passe: media=1.132 ms minimo=1.030 ms pico=1.528 ms amostras=889 descartadas=0.
[16:07:27.570] Cena 0.18.0: ceu_R/B=0.932 mediana=101.8 faixa_p90-p10=147.1 saturacao=0.231 media=87.7 amostra=1980.
[16:07:28.515] Custo GPU do passe: media=1.154 ms minimo=1.041 ms pico=2.238 ms amostras=934 descartadas=0.
[16:07:38.515] Custo GPU do passe: media=1.185 ms minimo=1.053 ms pico=1.594 ms amostras=1013 descartadas=0.
[16:07:48.522] Custo GPU do passe: media=1.179 ms minimo=1.055 ms pico=1.690 ms amostras=961 descartadas=0.
[16:07:57.660] Cena 0.18.0: ceu_R/B=1.102 mediana=81.2 faixa_p90-p10=140.7 saturacao=0.270 media=82.1 amostra=1980.
[16:07:58.526] Custo GPU do passe: media=1.187 ms minimo=1.058 ms pico=1.623 ms amostras=980 descartadas=0.
[16:08:08.534] Custo GPU do passe: media=1.152 ms minimo=1.050 ms pico=2.061 ms amostras=876 descartadas=0.
[16:08:18.537] Custo GPU do passe: media=1.176 ms minimo=1.029 ms pico=1.647 ms amostras=940 descartadas=0.
[16:08:27.838] Cena 0.18.0: ceu_R/B=1.201 mediana=81.2 faixa_p90-p10=191.5 saturacao=0.222 media=89.6 amostra=1980.
[16:08:28.545] Custo GPU do passe: media=1.175 ms minimo=1.036 ms pico=1.834 ms amostras=987 descartadas=0.
[16:08:38.554] Custo GPU do passe: media=1.136 ms minimo=1.029 ms pico=1.640 ms amostras=885 descartadas=0.
[16:08:48.555] Custo GPU do passe: media=1.144 ms minimo=0.977 ms pico=1.626 ms amostras=836 descartadas=0.
[16:08:57.956] Cena 0.18.0: ceu_R/B=1.063 mediana=88.8 faixa_p90-p10=142.5 saturacao=0.283 media=84.3 amostra=1980.
[16:08:58.565] Custo GPU do passe: media=1.155 ms minimo=1.026 ms pico=1.752 ms amostras=784 descartadas=0.
[16:09:08.576] Custo GPU do passe: media=1.139 ms minimo=1.033 ms pico=1.579 ms amostras=784 descartadas=0.
[16:09:18.585] Custo GPU do passe: media=1.170 ms minimo=1.038 ms pico=1.695 ms amostras=804 descartadas=0.
[16:09:28.294] Cena 0.18.0: ceu_R/B=1.150 mediana=98.3 faixa_p90-p10=140.1 saturacao=0.238 media=84.7 amostra=1980.
[16:09:28.597] Custo GPU do passe: media=1.170 ms minimo=0.979 ms pico=1.694 ms amostras=727 descartadas=0.
[16:09:38.605] Custo GPU do passe: media=1.143 ms minimo=0.995 ms pico=1.635 ms amostras=775 descartadas=0.
[16:09:48.615] Custo GPU do passe: media=1.126 ms minimo=1.008 ms pico=1.672 ms amostras=836 descartadas=0.
[16:09:58.369] Cena 0.18.0: ceu_R/B=0.902 mediana=82.3 faixa_p90-p10=147.6 saturacao=0.203 media=83.0 amostra=1980.
[16:09:58.625] Custo GPU do passe: media=1.134 ms minimo=0.960 ms pico=1.627 ms amostras=787 descartadas=0.
[16:10:08.624] Custo GPU do passe: media=1.065 ms minimo=0.951 ms pico=1.544 ms amostras=797 descartadas=0.
[16:10:18.625] Custo GPU do passe: media=1.112 ms minimo=0.976 ms pico=1.503 ms amostras=779 descartadas=0.
[16:10:28.489] Cena 0.18.0: ceu_R/B=0.939 mediana=101.5 faixa_p90-p10=177.6 saturacao=0.178 media=91.8 amostra=1980.
[16:10:28.626] Custo GPU do passe: media=1.200 ms minimo=1.009 ms pico=1.702 ms amostras=754 descartadas=0.
[16:10:38.640] Custo GPU do passe: media=1.177 ms minimo=1.003 ms pico=1.662 ms amostras=798 descartadas=0.
[16:10:48.645] Custo GPU do passe: media=1.147 ms minimo=1.041 ms pico=1.651 ms amostras=851 descartadas=0.
[16:10:58.652] Custo GPU do passe: media=1.138 ms minimo=1.025 ms pico=1.655 ms amostras=917 descartadas=0.
[16:10:58.696] Cena 0.18.0: ceu_R/B=0.931 mediana=72.1 faixa_p90-p10=127.0 saturacao=0.270 media=72.5 amostra=1980.
[16:11:08.656] Custo GPU do passe: media=1.141 ms minimo=0.994 ms pico=1.667 ms amostras=970 descartadas=0.
[16:11:18.666] Custo GPU do passe: media=1.143 ms minimo=1.023 ms pico=1.623 ms amostras=954 descartadas=0.
[16:11:28.671] Custo GPU do passe: media=1.137 ms minimo=1.019 ms pico=1.692 ms amostras=873 descartadas=0.
[16:11:29.005] Cena 0.18.0: ceu_R/B=0.896 mediana=47.7 faixa_p90-p10=125.4 saturacao=0.246 media=64.8 amostra=1980.
[16:11:38.682] Custo GPU do passe: media=1.155 ms minimo=1.001 ms pico=1.808 ms amostras=802 descartadas=0.
[16:11:48.687] Custo GPU do passe: media=1.188 ms minimo=0.998 ms pico=1.824 ms amostras=692 descartadas=0.
[16:11:58.697] Custo GPU do passe: media=1.276 ms minimo=1.005 ms pico=2.080 ms amostras=643 descartadas=0.
[16:11:59.403] Cena 0.18.0: ceu_R/B=0.882 mediana=79.3 faixa_p90-p10=129.1 saturacao=0.211 media=74.4 amostra=1980.
[16:12:08.700] Custo GPU do passe: media=1.194 ms minimo=1.000 ms pico=1.746 ms amostras=747 descartadas=0.
[16:12:18.706] Custo GPU do passe: media=1.187 ms minimo=0.998 ms pico=2.042 ms amostras=747 descartadas=0.
[16:12:28.719] Custo GPU do passe: media=1.167 ms minimo=0.999 ms pico=1.664 ms amostras=745 descartadas=0.
[16:12:29.510] Cena 0.18.0: ceu_R/B=0.849 mediana=83.2 faixa_p90-p10=151.0 saturacao=0.188 media=79.0 amostra=1980.
[16:12:38.719] Custo GPU do passe: media=1.136 ms minimo=1.005 ms pico=1.749 ms amostras=850 descartadas=0.
[16:12:48.718] Custo GPU do passe: media=1.140 ms minimo=1.015 ms pico=1.583 ms amostras=947 descartadas=0.
[16:12:58.726] Custo GPU do passe: media=1.136 ms minimo=1.018 ms pico=1.670 ms amostras=819 descartadas=0.
[16:12:59.782] Cena 0.18.0: ceu_R/B=0.793 mediana=90.3 faixa_p90-p10=157.6 saturacao=0.199 media=87.4 amostra=1980.
[16:13:08.731] Custo GPU do passe: media=1.147 ms minimo=1.002 ms pico=1.672 ms amostras=810 descartadas=0.
[16:13:18.735] Custo GPU do passe: media=1.155 ms minimo=1.004 ms pico=1.702 ms amostras=828 descartadas=0.
[16:13:28.735] Custo GPU do passe: media=1.137 ms minimo=1.039 ms pico=1.569 ms amostras=863 descartadas=0.
[16:13:29.924] Cena 0.18.0: ceu_R/B=0.992 mediana=58.2 faixa_p90-p10=118.4 saturacao=0.223 media=64.4 amostra=1980.
[16:13:38.740] Custo GPU do passe: media=1.136 ms minimo=1.037 ms pico=1.704 ms amostras=872 descartadas=0.
[16:13:48.741] Custo GPU do passe: media=1.142 ms minimo=1.031 ms pico=1.589 ms amostras=853 descartadas=0.
[16:13:58.750] Custo GPU do passe: media=1.149 ms minimo=1.035 ms pico=1.703 ms amostras=855 descartadas=0.
[16:14:00.068] Cena 0.18.0: ceu_R/B=0.992 mediana=64.7 faixa_p90-p10=107.8 saturacao=0.265 media=64.4 amostra=1980.
[16:14:08.760] Custo GPU do passe: media=1.132 ms minimo=1.029 ms pico=1.635 ms amostras=783 descartadas=0.
[16:14:18.763] Custo GPU do passe: media=1.131 ms minimo=1.022 ms pico=1.612 ms amostras=792 descartadas=0.
[16:14:28.770] Custo GPU do passe: media=1.154 ms minimo=1.025 ms pico=1.806 ms amostras=850 descartadas=0.
[16:14:30.274] Cena 0.18.0: ceu_R/B=0.973 mediana=65.3 faixa_p90-p10=108.9 saturacao=0.239 media=65.6 amostra=1980.
[16:14:38.777] Custo GPU do passe: media=1.148 ms minimo=1.040 ms pico=1.593 ms amostras=860 descartadas=0.
[16:14:48.783] Custo GPU do passe: media=1.153 ms minimo=1.050 ms pico=1.554 ms amostras=887 descartadas=0.
[16:14:58.786] Custo GPU do passe: media=1.167 ms minimo=1.046 ms pico=1.678 ms amostras=874 descartadas=0.
[16:15:00.504] Cena 0.18.0: ceu_R/B=1.073 mediana=59.7 faixa_p90-p10=110.0 saturacao=0.301 media=63.1 amostra=1980.
[16:15:08.787] Custo GPU do passe: media=1.144 ms minimo=1.019 ms pico=1.537 ms amostras=894 descartadas=0.
[16:15:18.794] Custo GPU do passe: media=1.130 ms minimo=1.020 ms pico=1.679 ms amostras=806 descartadas=0.
[16:15:28.800] Custo GPU do passe: media=1.152 ms minimo=1.023 ms pico=1.825 ms amostras=823 descartadas=0.
[16:15:30.676] Cena 0.18.0: ceu_R/B=0.959 mediana=77.2 faixa_p90-p10=137.7 saturacao=0.221 media=76.4 amostra=1980.
[16:15:38.808] Custo GPU do passe: media=1.144 ms minimo=1.020 ms pico=1.587 ms amostras=830 descartadas=0.
[16:15:48.816] Custo GPU do passe: media=1.131 ms minimo=1.017 ms pico=1.634 ms amostras=847 descartadas=0.
[16:15:58.826] Custo GPU do passe: media=1.139 ms minimo=1.014 ms pico=1.626 ms amostras=897 descartadas=0.
[16:16:00.693] Cena 0.18.0: ceu_R/B=0.970 mediana=80.3 faixa_p90-p10=131.6 saturacao=0.222 media=76.9 amostra=1980.
[16:16:08.831] Custo GPU do passe: media=1.145 ms minimo=1.000 ms pico=2.118 ms amostras=848 descartadas=0.
[16:16:18.838] Custo GPU do passe: media=1.096 ms minimo=1.001 ms pico=1.495 ms amostras=872 descartadas=0.
[16:16:28.843] Custo GPU do passe: media=1.118 ms minimo=1.010 ms pico=1.650 ms amostras=939 descartadas=0.
[16:16:30.930] Cena 0.18.0: ceu_R/B=0.887 mediana=94.1 faixa_p90-p10=133.5 saturacao=0.236 media=80.4 amostra=1980.
[16:16:38.845] Custo GPU do passe: media=1.161 ms minimo=1.036 ms pico=1.761 ms amostras=971 descartadas=0.
[16:16:48.851] Custo GPU do passe: media=1.164 ms minimo=1.012 ms pico=1.699 ms amostras=984 descartadas=0.
[16:16:58.856] Custo GPU do passe: media=1.191 ms minimo=1.073 ms pico=1.573 ms amostras=1030 descartadas=0.
[16:17:00.944] Cena 0.18.0: ceu_R/B=1.011 mediana=68.1 faixa_p90-p10=117.2 saturacao=0.269 media=69.0 amostra=1980.
[16:17:08.861] Custo GPU do passe: media=1.199 ms minimo=1.123 ms pico=1.591 ms amostras=1023 descartadas=0.
[16:17:18.869] Custo GPU do passe: media=1.189 ms minimo=1.089 ms pico=1.628 ms amostras=1050 descartadas=0.
[16:17:28.881] Custo GPU do passe: media=1.148 ms minimo=1.016 ms pico=1.610 ms amostras=797 descartadas=0.
[16:17:31.203] Cena 0.18.0: ceu_R/B=1.053 mediana=92.1 faixa_p90-p10=169.4 saturacao=0.204 media=97.2 amostra=1980.
[16:17:38.883] Custo GPU do passe: media=1.182 ms minimo=1.014 ms pico=1.702 ms amostras=712 descartadas=0.
[16:17:48.886] Custo GPU do passe: media=1.205 ms minimo=1.028 ms pico=1.689 ms amostras=737 descartadas=0.
[16:17:58.894] Custo GPU do passe: media=1.142 ms minimo=1.021 ms pico=1.739 ms amostras=787 descartadas=0.
[16:18:01.521] Cena 0.18.0: ceu_R/B=1.065 mediana=80.4 faixa_p90-p10=139.9 saturacao=0.237 media=83.3 amostra=1980.
[16:18:08.899] Custo GPU do passe: media=1.148 ms minimo=1.025 ms pico=3.124 ms amostras=854 descartadas=0.
[16:18:18.903] Custo GPU do passe: media=1.151 ms minimo=0.968 ms pico=1.659 ms amostras=823 descartadas=0.
[16:18:28.904] Custo GPU do passe: media=1.148 ms minimo=1.006 ms pico=1.620 ms amostras=746 descartadas=0.
[16:18:31.739] Cena 0.18.0: ceu_R/B=0.897 mediana=64.5 faixa_p90-p10=133.4 saturacao=0.251 media=69.6 amostra=1980.
[16:18:38.904] Custo GPU do passe: media=1.128 ms minimo=1.016 ms pico=1.602 ms amostras=780 descartadas=0.
[16:18:48.905] Custo GPU do passe: media=1.142 ms minimo=1.022 ms pico=1.639 ms amostras=836 descartadas=0.
[16:18:58.907] Custo GPU do passe: media=1.190 ms minimo=1.057 ms pico=1.583 ms amostras=935 descartadas=0.
[16:19:01.965] Cena 0.18.0: ceu_R/B=1.184 mediana=86.6 faixa_p90-p10=156.0 saturacao=0.263 media=87.0 amostra=1980.
[16:19:08.910] Custo GPU do passe: media=1.209 ms minimo=1.133 ms pico=1.603 ms amostras=1012 descartadas=0.
[16:19:18.918] Custo GPU do passe: media=1.192 ms minimo=1.110 ms pico=1.590 ms amostras=1015 descartadas=0.
[16:19:28.926] Custo GPU do passe: media=1.192 ms minimo=1.136 ms pico=1.630 ms amostras=1021 descartadas=0.
[16:19:32.081] Cena 0.18.0: ceu_R/B=1.160 mediana=63.5 faixa_p90-p10=159.7 saturacao=0.248 media=80.7 amostra=1980.
[16:19:38.935] Custo GPU do passe: media=1.189 ms minimo=1.133 ms pico=1.626 ms amostras=987 descartadas=0.
[16:19:48.940] Custo GPU do passe: media=1.187 ms minimo=1.128 ms pico=1.634 ms amostras=1005 descartadas=0.
[16:19:58.941] Custo GPU do passe: media=1.191 ms minimo=1.133 ms pico=1.538 ms amostras=1023 descartadas=0.
[16:20:02.259] Cena 0.18.0: ceu_R/B=1.143 mediana=71.2 faixa_p90-p10=149.2 saturacao=0.273 media=76.4 amostra=1980.
[16:20:08.948] Custo GPU do passe: media=1.198 ms minimo=1.133 ms pico=1.578 ms amostras=1007 descartadas=0.
[16:20:18.953] Custo GPU do passe: media=1.195 ms minimo=1.131 ms pico=1.631 ms amostras=1032 descartadas=0.
[16:20:28.956] Custo GPU do passe: media=1.187 ms minimo=1.043 ms pico=1.577 ms amostras=1033 descartadas=0.
[16:20:32.367] Cena 0.18.0: ceu_R/B=1.038 mediana=51.8 faixa_p90-p10=110.3 saturacao=0.262 media=63.4 amostra=1980.
[16:20:38.956] Custo GPU do passe: media=1.186 ms minimo=1.092 ms pico=1.633 ms amostras=1017 descartadas=0.
[16:20:48.964] Custo GPU do passe: media=1.211 ms minimo=1.083 ms pico=1.628 ms amostras=1018 descartadas=0.
[16:20:58.973] Custo GPU do passe: media=1.137 ms minimo=1.013 ms pico=1.504 ms amostras=848 descartadas=0.
[16:21:02.418] Cena 0.18.0: ceu_R/B=0.888 mediana=67.3 faixa_p90-p10=140.3 saturacao=0.269 media=76.6 amostra=1980.
[16:21:08.980] Custo GPU do passe: media=1.124 ms minimo=1.007 ms pico=1.654 ms amostras=857 descartadas=0.
[16:21:18.988] Custo GPU do passe: media=1.095 ms minimo=1.006 ms pico=1.507 ms amostras=877 descartadas=0.
[16:21:28.997] Custo GPU do passe: media=1.109 ms minimo=1.002 ms pico=1.594 ms amostras=937 descartadas=0.
[16:21:32.475] Cena 0.18.0: ceu_R/B=0.872 mediana=86.6 faixa_p90-p10=154.1 saturacao=0.240 media=84.4 amostra=1980.
[16:21:39.002] Custo GPU do passe: media=1.123 ms minimo=1.010 ms pico=1.674 ms amostras=981 descartadas=0.
[16:21:49.002] Custo GPU do passe: media=1.125 ms minimo=1.010 ms pico=1.623 ms amostras=1043 descartadas=0.
[16:21:59.004] Custo GPU do passe: media=1.101 ms minimo=0.990 ms pico=1.489 ms amostras=1037 descartadas=0.
[16:22:02.759] Cena 0.18.0: ceu_R/B=0.902 mediana=83.9 faixa_p90-p10=147.5 saturacao=0.220 media=83.9 amostra=1980.
[16:22:09.006] Custo GPU do passe: media=1.114 ms minimo=0.992 ms pico=1.567 ms amostras=928 descartadas=0.
[16:22:19.012] Custo GPU do passe: media=1.117 ms minimo=0.989 ms pico=1.568 ms amostras=944 descartadas=0.
[16:22:29.014] Custo GPU do passe: media=1.163 ms minimo=1.058 ms pico=1.555 ms amostras=1060 descartadas=0.
[16:22:32.904] Cena 0.18.0: ceu_R/B=1.120 mediana=76.2 faixa_p90-p10=141.9 saturacao=0.184 media=82.2 amostra=1980.
[16:22:39.021] Custo GPU do passe: media=1.176 ms minimo=1.037 ms pico=1.628 ms amostras=1083 descartadas=0.
[16:22:49.024] Custo GPU do passe: media=1.184 ms minimo=1.076 ms pico=1.612 ms amostras=1075 descartadas=0.
[16:22:59.029] Custo GPU do passe: media=1.172 ms minimo=1.030 ms pico=1.536 ms amostras=1074 descartadas=0.
[16:23:03.052] Cena 0.18.0: ceu_R/B=1.262 mediana=67.0 faixa_p90-p10=138.5 saturacao=0.236 media=74.5 amostra=1980.
[16:23:09.033] Custo GPU do passe: media=1.175 ms minimo=1.106 ms pico=1.530 ms amostras=1039 descartadas=0.
[16:23:19.042] Custo GPU do passe: media=1.186 ms minimo=1.108 ms pico=1.593 ms amostras=1015 descartadas=0.
[16:23:29.047] Custo GPU do passe: media=1.187 ms minimo=1.107 ms pico=1.585 ms amostras=1057 descartadas=0.
[16:23:33.158] Cena 0.18.0: ceu_R/B=0.954 mediana=52.0 faixa_p90-p10=118.3 saturacao=0.264 media=61.4 amostra=1980.
[16:23:39.065] Custo GPU do passe: media=1.164 ms minimo=1.108 ms pico=1.565 ms amostras=1025 descartadas=0.
[16:23:49.076] Custo GPU do passe: media=1.174 ms minimo=1.102 ms pico=1.609 ms amostras=985 descartadas=0.
[16:23:59.079] Custo GPU do passe: media=1.189 ms minimo=1.127 ms pico=1.581 ms amostras=1041 descartadas=0.
[16:24:03.328] Cena 0.18.0: ceu_R/B=1.221 mediana=58.2 faixa_p90-p10=143.8 saturacao=0.297 media=69.0 amostra=1980.
[16:24:09.081] Custo GPU do passe: media=1.201 ms minimo=1.133 ms pico=1.587 ms amostras=1026 descartadas=0.
[16:24:19.084] Custo GPU do passe: media=1.192 ms minimo=1.118 ms pico=1.603 ms amostras=1030 descartadas=0.
[16:24:29.087] Custo GPU do passe: media=1.189 ms minimo=1.115 ms pico=1.614 ms amostras=976 descartadas=0.
[16:24:33.408] Cena 0.18.0: ceu_R/B=0.763 mediana=64.5 faixa_p90-p10=130.9 saturacao=0.275 media=74.0 amostra=1980.
[16:24:39.096] Custo GPU do passe: media=1.219 ms minimo=1.139 ms pico=1.670 ms amostras=944 descartadas=0.
[16:24:49.099] Custo GPU do passe: media=1.192 ms minimo=1.083 ms pico=1.617 ms amostras=976 descartadas=0.
[16:24:59.102] Custo GPU do passe: media=1.192 ms minimo=1.127 ms pico=1.558 ms amostras=977 descartadas=0.
[16:25:03.631] Cena 0.18.0: ceu_R/B=1.058 mediana=42.1 faixa_p90-p10=116.8 saturacao=0.261 media=57.6 amostra=1980.
[16:25:09.103] Custo GPU do passe: media=1.188 ms minimo=1.083 ms pico=1.619 ms amostras=1004 descartadas=0.
[16:25:19.104] Custo GPU do passe: media=1.191 ms minimo=1.121 ms pico=1.644 ms amostras=1014 descartadas=0.
[16:25:29.110] Custo GPU do passe: media=1.179 ms minimo=1.110 ms pico=1.609 ms amostras=1044 descartadas=0.
[16:25:33.863] Cena 0.18.0: ceu_R/B=0.998 mediana=47.7 faixa_p90-p10=153.2 saturacao=0.312 media=67.8 amostra=1980.
[16:25:39.131] Custo GPU do passe: media=1.181 ms minimo=1.108 ms pico=1.626 ms amostras=993 descartadas=0.
[16:25:49.137] Custo GPU do passe: media=1.198 ms minimo=1.135 ms pico=1.635 ms amostras=981 descartadas=0.
[16:25:59.140] Custo GPU do passe: media=1.191 ms minimo=1.120 ms pico=1.628 ms amostras=979 descartadas=0.
[16:26:04.064] Cena 0.18.0: ceu_R/B=1.136 mediana=64.7 faixa_p90-p10=143.3 saturacao=0.261 media=74.6 amostra=1980.
[16:26:09.151] Custo GPU do passe: media=1.185 ms minimo=1.107 ms pico=1.622 ms amostras=1011 descartadas=0.
[16:26:19.150] Custo GPU do passe: media=1.144 ms minimo=1.068 ms pico=1.580 ms amostras=1022 descartadas=0.
[16:26:29.156] Custo GPU do passe: media=1.124 ms minimo=0.921 ms pico=1.556 ms amostras=1026 descartadas=0.
[16:26:34.263] Cena 0.18.0: ceu_R/B=0.952 mediana=45.6 faixa_p90-p10=117.1 saturacao=0.242 media=61.1 amostra=1980.
[16:26:39.156] Custo GPU do passe: media=1.176 ms minimo=1.112 ms pico=1.620 ms amostras=1029 descartadas=0.
[16:26:49.163] Custo GPU do passe: media=1.183 ms minimo=1.110 ms pico=1.532 ms amostras=990 descartadas=0.
[16:26:59.165] Custo GPU do passe: media=1.170 ms minimo=1.067 ms pico=1.570 ms amostras=1055 descartadas=0.
[16:27:04.417] Cena 0.18.0: ceu_R/B=0.949 mediana=52.1 faixa_p90-p10=130.6 saturacao=0.257 media=60.1 amostra=1980.
[16:27:09.169] Custo GPU do passe: media=1.176 ms minimo=1.096 ms pico=1.595 ms amostras=1068 descartadas=0.
[16:27:19.171] Custo GPU do passe: media=1.204 ms minimo=1.081 ms pico=1.653 ms amostras=984 descartadas=0.
[16:27:29.176] Custo GPU do passe: media=1.184 ms minimo=1.124 ms pico=1.640 ms amostras=1017 descartadas=0.
[16:27:34.538] Cena 0.18.0: ceu_R/B=1.014 mediana=68.2 faixa_p90-p10=109.1 saturacao=0.232 media=69.6 amostra=1980.
[16:27:39.181] Custo GPU do passe: media=1.187 ms minimo=1.045 ms pico=1.595 ms amostras=1031 descartadas=0.
[16:27:49.182] Custo GPU do passe: media=1.157 ms minimo=1.046 ms pico=1.574 ms amostras=940 descartadas=0.
[16:27:59.186] Custo GPU do passe: media=1.151 ms minimo=1.046 ms pico=1.535 ms amostras=945 descartadas=0.
[16:28:04.694] Cena 0.18.0: ceu_R/B=0.902 mediana=65.5 faixa_p90-p10=98.4 saturacao=0.206 media=62.9 amostra=1980.
[16:28:09.191] Custo GPU do passe: media=1.158 ms minimo=1.046 ms pico=3.191 ms amostras=920 descartadas=0.
[16:28:19.198] Custo GPU do passe: media=1.168 ms minimo=1.047 ms pico=1.621 ms amostras=957 descartadas=0.
[16:28:29.208] Custo GPU do passe: media=1.154 ms minimo=1.042 ms pico=1.539 ms amostras=891 descartadas=0.
[16:28:34.939] Cena 0.18.0: ceu_R/B=0.926 mediana=48.8 faixa_p90-p10=91.6 saturacao=0.268 media=56.6 amostra=1980.
[16:28:39.208] Custo GPU do passe: media=1.185 ms minimo=1.053 ms pico=2.181 ms amostras=930 descartadas=0.
[16:28:49.218] Custo GPU do passe: media=1.182 ms minimo=1.057 ms pico=1.541 ms amostras=913 descartadas=0.
[16:28:59.218] Custo GPU do passe: media=1.189 ms minimo=1.075 ms pico=1.526 ms amostras=958 descartadas=0.
[16:29:04.984] Cena 0.18.0: ceu_R/B=0.952 mediana=51.2 faixa_p90-p10=112.1 saturacao=0.201 media=59.7 amostra=1980.
[16:29:09.226] Custo GPU do passe: media=1.137 ms minimo=1.038 ms pico=1.594 ms amostras=868 descartadas=0.
[16:29:19.235] Custo GPU do passe: media=1.101 ms minimo=1.008 ms pico=1.515 ms amostras=832 descartadas=0.
[16:29:29.236] Custo GPU do passe: media=1.114 ms minimo=0.959 ms pico=1.633 ms amostras=860 descartadas=0.
[16:29:35.046] Cena 0.18.0: ceu_R/B=0.888 mediana=47.2 faixa_p90-p10=90.3 saturacao=0.209 media=53.2 amostra=1980.
[16:29:39.247] Custo GPU do passe: media=1.095 ms minimo=0.961 ms pico=1.561 ms amostras=818 descartadas=0.
[16:29:49.252] Custo GPU do passe: media=1.143 ms minimo=0.999 ms pico=1.600 ms amostras=852 descartadas=0.
[16:29:59.252] Custo GPU do passe: media=1.141 ms minimo=1.027 ms pico=1.638 ms amostras=975 descartadas=0.
[16:30:05.145] Cena 0.18.0: ceu_R/B=0.910 mediana=52.3 faixa_p90-p10=93.2 saturacao=0.168 media=55.7 amostra=1980.
[16:30:09.256] Custo GPU do passe: media=1.113 ms minimo=1.002 ms pico=2.380 ms amostras=951 descartadas=0.
[16:30:19.259] Custo GPU do passe: media=1.131 ms minimo=1.006 ms pico=1.516 ms amostras=935 descartadas=0.
[16:30:29.268] Custo GPU do passe: media=1.138 ms minimo=1.014 ms pico=1.570 ms amostras=922 descartadas=0.
[16:30:35.387] Cena 0.18.0: ceu_R/B=0.941 mediana=44.6 faixa_p90-p10=84.3 saturacao=0.235 media=52.7 amostra=1980.
[16:30:39.276] Custo GPU do passe: media=1.138 ms minimo=1.027 ms pico=1.618 ms amostras=830 descartadas=0.
[16:30:49.286] Custo GPU do passe: media=1.143 ms minimo=1.028 ms pico=1.554 ms amostras=800 descartadas=0.
[16:30:59.294] Custo GPU do passe: media=1.149 ms minimo=1.047 ms pico=1.542 ms amostras=777 descartadas=0.
[16:31:05.475] Cena 0.18.0: ceu_R/B=0.881 mediana=48.2 faixa_p90-p10=84.6 saturacao=0.207 media=53.5 amostra=1980.
[16:31:09.301] Custo GPU do passe: media=1.184 ms minimo=1.063 ms pico=1.614 ms amostras=910 descartadas=0.
[16:31:19.307] Custo GPU do passe: media=1.102 ms minimo=0.981 ms pico=1.529 ms amostras=838 descartadas=0.
[16:31:29.314] Custo GPU do passe: media=1.187 ms minimo=1.069 ms pico=1.582 ms amostras=897 descartadas=0.
[16:31:35.760] Cena 0.18.0: ceu_R/B=0.957 mediana=45.6 faixa_p90-p10=86.2 saturacao=0.231 media=55.2 amostra=1980.
[16:31:39.318] Custo GPU do passe: media=1.179 ms minimo=1.045 ms pico=1.604 ms amostras=847 descartadas=0.
[16:31:49.321] Custo GPU do passe: media=1.182 ms minimo=1.083 ms pico=1.549 ms amostras=874 descartadas=0.
[16:31:59.331] Custo GPU do passe: media=1.150 ms minimo=1.031 ms pico=1.661 ms amostras=829 descartadas=0.
[16:32:05.850] Cena 0.18.0: ceu_R/B=0.853 mediana=49.5 faixa_p90-p10=97.3 saturacao=0.240 media=58.7 amostra=1980.
[16:32:09.330] Custo GPU do passe: media=1.181 ms minimo=1.021 ms pico=1.624 ms amostras=886 descartadas=0.
[16:32:19.335] Custo GPU do passe: media=1.165 ms minimo=0.999 ms pico=2.516 ms amostras=938 descartadas=0.
[16:32:29.341] Custo GPU do passe: media=1.131 ms minimo=1.019 ms pico=1.613 ms amostras=851 descartadas=0.
[16:32:36.065] Cena 0.18.0: ceu_R/B=0.813 mediana=36.5 faixa_p90-p10=100.4 saturacao=0.323 media=51.0 amostra=1980.
[16:32:39.342] Custo GPU do passe: media=1.145 ms minimo=1.031 ms pico=1.574 ms amostras=861 descartadas=0.
[16:32:49.352] Custo GPU do passe: media=1.168 ms minimo=1.043 ms pico=1.622 ms amostras=820 descartadas=0.
[16:32:59.357] Custo GPU do passe: media=1.190 ms minimo=1.058 ms pico=1.588 ms amostras=896 descartadas=0.
[16:33:06.207] Cena 0.18.0: ceu_R/B=1.137 mediana=42.8 faixa_p90-p10=111.4 saturacao=0.247 media=56.7 amostra=1980.
[16:33:09.363] Custo GPU do passe: media=1.197 ms minimo=1.084 ms pico=1.624 ms amostras=944 descartadas=0.
[16:33:19.375] Custo GPU do passe: media=1.186 ms minimo=1.072 ms pico=2.246 ms amostras=981 descartadas=0.
[16:33:29.375] Custo GPU do passe: media=1.167 ms minimo=1.051 ms pico=1.546 ms amostras=808 descartadas=0.
[16:33:36.507] Cena 0.18.0: ceu_R/B=1.272 mediana=50.3 faixa_p90-p10=115.9 saturacao=0.325 media=61.8 amostra=1980.
[16:33:39.375] Custo GPU do passe: media=1.176 ms minimo=1.053 ms pico=1.538 ms amostras=851 descartadas=0.
[16:33:49.378] Custo GPU do passe: media=1.176 ms minimo=1.041 ms pico=1.604 ms amostras=859 descartadas=0.
[16:33:59.390] Custo GPU do passe: media=1.131 ms minimo=1.011 ms pico=1.582 ms amostras=809 descartadas=0.
[16:34:06.589] Cena 0.18.0: ceu_R/B=0.987 mediana=41.5 faixa_p90-p10=99.7 saturacao=0.283 media=50.5 amostra=1980.
[16:34:09.401] Custo GPU do passe: media=1.138 ms minimo=1.028 ms pico=1.587 ms amostras=813 descartadas=0.
[16:34:19.403] Custo GPU do passe: media=1.163 ms minimo=1.040 ms pico=1.580 ms amostras=842 descartadas=0.
[16:34:29.405] Custo GPU do passe: media=1.165 ms minimo=1.043 ms pico=1.644 ms amostras=837 descartadas=0.
[16:34:36.681] Cena 0.18.0: ceu_R/B=1.065 mediana=47.0 faixa_p90-p10=103.3 saturacao=0.306 media=58.1 amostra=1980.
[16:34:39.407] Custo GPU do passe: media=1.142 ms minimo=1.025 ms pico=1.558 ms amostras=819 descartadas=0.
[16:34:49.420] Custo GPU do passe: media=1.144 ms minimo=1.017 ms pico=1.666 ms amostras=678 descartadas=0.
[16:34:59.432] Custo GPU do passe: media=1.301 ms minimo=0.997 ms pico=1.831 ms amostras=566 descartadas=0.
[16:35:06.692] Cena 0.18.0: ceu_R/B=0.780 mediana=55.5 faixa_p90-p10=103.7 saturacao=0.290 media=57.8 amostra=1980.
[16:35:09.435] Custo GPU do passe: media=1.220 ms minimo=1.028 ms pico=1.967 ms amostras=601 descartadas=0.
[16:35:19.448] Custo GPU do passe: media=1.295 ms minimo=1.008 ms pico=2.294 ms amostras=576 descartadas=0.
[16:35:29.461] Custo GPU do passe: media=1.325 ms minimo=1.001 ms pico=2.129 ms amostras=614 descartadas=0.
[16:35:37.070] Cena 0.18.0: ceu_R/B=0.989 mediana=73.1 faixa_p90-p10=146.6 saturacao=0.200 media=78.7 amostra=1980.
[16:35:39.473] Custo GPU do passe: media=1.395 ms minimo=1.022 ms pico=2.195 ms amostras=539 descartadas=0.
[16:35:49.485] Custo GPU do passe: media=1.360 ms minimo=1.013 ms pico=1.800 ms amostras=543 descartadas=0.
[16:35:59.488] Custo GPU do passe: media=1.335 ms minimo=1.002 ms pico=1.864 ms amostras=565 descartadas=0.
[16:36:07.412] Cena 0.18.0: ceu_R/B=0.938 mediana=47.6 faixa_p90-p10=152.4 saturacao=0.221 media=68.8 amostra=1980.
[16:36:09.504] Custo GPU do passe: media=1.285 ms minimo=0.936 ms pico=1.761 ms amostras=612 descartadas=0.
[16:36:19.517] Custo GPU do passe: media=1.289 ms minimo=0.997 ms pico=1.746 ms amostras=579 descartadas=0.
[16:36:29.527] Custo GPU do passe: media=1.332 ms minimo=0.989 ms pico=1.724 ms amostras=576 descartadas=0.
[16:36:37.421] Cena 0.18.0: ceu_R/B=0.825 mediana=40.3 faixa_p90-p10=162.2 saturacao=0.252 media=65.0 amostra=1980.
[16:36:39.537] Custo GPU do passe: media=1.276 ms minimo=0.976 ms pico=1.769 ms amostras=617 descartadas=0.
[16:36:49.546] Custo GPU do passe: media=1.172 ms minimo=0.991 ms pico=1.803 ms amostras=703 descartadas=0.
[16:36:59.559] Custo GPU do passe: media=1.138 ms minimo=1.015 ms pico=1.633 ms amostras=752 descartadas=0.
[16:37:07.627] Cena 0.18.0: ceu_R/B=0.883 mediana=31.4 faixa_p90-p10=67.2 saturacao=0.277 media=38.3 amostra=1980.
[16:37:09.570] Custo GPU do passe: media=1.141 ms minimo=1.026 ms pico=1.602 ms amostras=747 descartadas=0.
[16:37:19.574] Custo GPU do passe: media=1.148 ms minimo=0.997 ms pico=1.592 ms amostras=716 descartadas=0.
[16:37:29.580] Custo GPU do passe: media=1.154 ms minimo=0.991 ms pico=1.576 ms amostras=704 descartadas=0.
[16:37:37.810] Cena 0.18.0: ceu_R/B=0.760 mediana=34.4 faixa_p90-p10=146.2 saturacao=0.268 media=55.1 amostra=1980.
[16:37:39.584] Custo GPU do passe: media=1.155 ms minimo=0.951 ms pico=1.574 ms amostras=692 descartadas=0.
[16:37:49.589] Custo GPU do passe: media=1.170 ms minimo=0.970 ms pico=1.696 ms amostras=739 descartadas=0.
[16:37:59.602] Custo GPU do passe: media=1.143 ms minimo=0.978 ms pico=1.587 ms amostras=714 descartadas=0.
[16:38:07.837] Cena 0.18.0: ceu_R/B=0.770 mediana=28.6 faixa_p90-p10=91.2 saturacao=0.231 media=38.1 amostra=1980.
[16:38:09.605] Custo GPU do passe: media=1.161 ms minimo=0.980 ms pico=1.661 ms amostras=734 descartadas=0.
[16:38:19.608] Custo GPU do passe: media=1.198 ms minimo=0.987 ms pico=2.063 ms amostras=685 descartadas=0.
[16:38:29.619] Custo GPU do passe: media=1.163 ms minimo=0.969 ms pico=1.566 ms amostras=654 descartadas=0.
[16:38:38.025] Cena 0.18.0: ceu_R/B=0.770 mediana=30.5 faixa_p90-p10=88.8 saturacao=0.275 media=40.2 amostra=1980.
[16:38:39.632] Custo GPU do passe: media=1.174 ms minimo=0.963 ms pico=2.208 ms amostras=651 descartadas=0.
[16:38:49.645] Custo GPU do passe: media=1.168 ms minimo=0.973 ms pico=1.703 ms amostras=735 descartadas=0.
[16:38:59.647] Custo GPU do passe: media=1.233 ms minimo=0.996 ms pico=1.861 ms amostras=696 descartadas=0.
[16:39:08.466] Cena 0.18.0: ceu_R/B=0.851 mediana=22.8 faixa_p90-p10=61.4 saturacao=0.183 media=28.0 amostra=1980.
[16:39:09.650] Custo GPU do passe: media=1.293 ms minimo=1.002 ms pico=2.712 ms amostras=600 descartadas=0.
[16:39:19.662] Custo GPU do passe: media=1.375 ms minimo=0.997 ms pico=2.093 ms amostras=553 descartadas=0.
[16:39:29.673] Custo GPU do passe: media=1.427 ms minimo=1.006 ms pico=1.944 ms amostras=548 descartadas=0.
[16:39:38.655] Cena 0.18.0: ceu_R/B=0.708 mediana=18.6 faixa_p90-p10=63.7 saturacao=0.183 media=27.1 amostra=1980.
[16:39:39.684] Custo GPU do passe: media=1.329 ms minimo=0.953 ms pico=2.060 ms amostras=579 descartadas=0.
[16:39:49.685] Custo GPU do passe: media=1.165 ms minimo=0.936 ms pico=1.609 ms amostras=671 descartadas=0.
[16:39:59.689] Custo GPU do passe: media=1.151 ms minimo=0.961 ms pico=2.329 ms amostras=781 descartadas=0.
[16:40:08.794] Cena 0.18.0: ceu_R/B=0.698 mediana=17.5 faixa_p90-p10=45.5 saturacao=0.206 media=21.5 amostra=1980.
[16:40:09.696] Custo GPU do passe: media=1.125 ms minimo=0.958 ms pico=1.625 ms amostras=800 descartadas=0.
[16:40:19.699] Custo GPU do passe: media=1.153 ms minimo=0.967 ms pico=1.689 ms amostras=780 descartadas=0.
[16:40:29.709] Custo GPU do passe: media=1.227 ms minimo=0.971 ms pico=1.849 ms amostras=739 descartadas=0.
[16:40:39.097] Cena 0.18.0: ceu_R/B=0.850 mediana=15.9 faixa_p90-p10=45.6 saturacao=0.198 media=21.8 amostra=1980.
[16:40:39.722] Custo GPU do passe: media=1.380 ms minimo=0.981 ms pico=2.385 ms amostras=641 descartadas=0.
[16:40:49.730] Custo GPU do passe: media=1.180 ms minimo=0.968 ms pico=1.705 ms amostras=679 descartadas=0.
[16:40:59.733] Custo GPU do passe: media=1.135 ms minimo=0.965 ms pico=1.564 ms amostras=737 descartadas=0.
[16:41:09.359] Cena 0.18.0: ceu_R/B=0.865 mediana=27.9 faixa_p90-p10=84.7 saturacao=0.180 media=39.0 amostra=1980.
[16:41:09.738] Custo GPU do passe: media=1.180 ms minimo=0.983 ms pico=1.625 ms amostras=700 descartadas=0.
[16:41:19.748] Custo GPU do passe: media=1.157 ms minimo=0.974 ms pico=1.497 ms amostras=668 descartadas=0.
[16:41:29.755] Custo GPU do passe: media=1.160 ms minimo=1.001 ms pico=1.625 ms amostras=715 descartadas=0.
[16:41:39.600] Cena 0.18.0: ceu_R/B=0.868 mediana=5.8 faixa_p90-p10=34.7 saturacao=0.104 media=12.6 amostra=1980.
[16:41:39.767] Custo GPU do passe: media=1.175 ms minimo=1.004 ms pico=1.747 ms amostras=762 descartadas=0.
[16:41:49.774] Custo GPU do passe: media=1.328 ms minimo=1.003 ms pico=2.937 ms amostras=580 descartadas=0.
[16:41:59.786] Custo GPU do passe: media=1.345 ms minimo=0.986 ms pico=1.928 ms amostras=535 descartadas=0.
[16:42:09.628] Cena 0.18.0: ceu_R/B=1.045 mediana=23.1 faixa_p90-p10=74.2 saturacao=0.097 media=31.9 amostra=1980.
[16:42:09.789] Custo GPU do passe: media=1.230 ms minimo=0.978 ms pico=1.840 ms amostras=564 descartadas=0.
[16:42:19.807] Custo GPU do passe: media=1.235 ms minimo=0.988 ms pico=3.045 ms amostras=505 descartadas=0.
[16:42:29.822] Custo GPU do passe: media=1.275 ms minimo=0.991 ms pico=1.774 ms amostras=477 descartadas=0.
[16:42:39.691] Cena 0.18.0: ceu_R/B=1.066 mediana=8.0 faixa_p90-p10=38.8 saturacao=0.074 media=16.2 amostra=1980.
[16:42:39.837] Custo GPU do passe: media=1.390 ms minimo=0.997 ms pico=1.789 ms amostras=516 descartadas=0.
[16:42:49.837] Custo GPU do passe: media=1.351 ms minimo=0.997 ms pico=1.789 ms amostras=530 descartadas=0.
[16:42:59.857] Custo GPU do passe: media=1.261 ms minimo=0.964 ms pico=2.108 ms amostras=526 descartadas=0.
[16:43:09.777] Cena 0.18.0: ceu_R/B=1.197 mediana=10.0 faixa_p90-p10=97.7 saturacao=0.082 media=29.3 amostra=1980.
[16:43:09.860] Custo GPU do passe: media=1.405 ms minimo=0.976 ms pico=1.918 ms amostras=500 descartadas=0.
[16:43:19.874] Custo GPU do passe: media=1.412 ms minimo=1.023 ms pico=1.821 ms amostras=513 descartadas=0.
[16:43:29.883] Custo GPU do passe: media=1.181 ms minimo=1.012 ms pico=1.677 ms amostras=661 descartadas=0.
[16:43:39.892] Custo GPU do passe: media=1.139 ms minimo=1.005 ms pico=1.651 ms amostras=740 descartadas=0.
[16:43:39.925] Cena 0.18.0: ceu_R/B=1.397 mediana=15.0 faixa_p90-p10=67.8 saturacao=0.163 media=26.9 amostra=1980.
[16:43:49.906] Custo GPU do passe: media=1.356 ms minimo=1.006 ms pico=2.216 ms amostras=550 descartadas=0.
[16:43:59.907] Custo GPU do passe: media=1.292 ms minimo=0.989 ms pico=1.796 ms amostras=564 descartadas=0.
[16:44:09.922] Custo GPU do passe: media=1.253 ms minimo=1.000 ms pico=2.788 ms amostras=660 descartadas=0.
[16:44:10.381] Cena 0.18.0: ceu_R/B=1.118 mediana=3.0 faixa_p90-p10=72.9 saturacao=0.063 media=18.5 amostra=1980.
[16:44:19.924] Custo GPU do passe: media=1.190 ms minimo=0.970 ms pico=1.559 ms amostras=623 descartadas=0.
[16:44:29.934] Custo GPU do passe: media=1.184 ms minimo=0.997 ms pico=1.630 ms amostras=683 descartadas=0.
[16:44:39.936] Custo GPU do passe: media=1.274 ms minimo=1.001 ms pico=1.578 ms amostras=597 descartadas=0.
[16:44:40.748] Cena 0.18.0: ceu_R/B=1.133 mediana=1.0 faixa_p90-p10=38.8 saturacao=0.038 media=11.8 amostra=1980.
[16:44:49.937] Custo GPU do passe: media=1.335 ms minimo=1.015 ms pico=1.982 ms amostras=581 descartadas=0.
[16:44:59.947] Custo GPU do passe: media=1.258 ms minimo=1.006 ms pico=1.666 ms amostras=621 descartadas=0.
[16:45:09.953] Custo GPU do passe: media=1.149 ms minimo=0.985 ms pico=1.574 ms amostras=644 descartadas=0.
[16:45:10.819] Cena 0.18.0: ceu_R/B=1.259 mediana=20.9 faixa_p90-p10=89.5 saturacao=0.111 media=36.6 amostra=1980.
[16:45:19.962] Custo GPU do passe: media=1.157 ms minimo=0.973 ms pico=1.508 ms amostras=646 descartadas=0.
[16:45:29.970] Custo GPU do passe: media=1.173 ms minimo=0.974 ms pico=1.548 ms amostras=626 descartadas=0.
[16:45:39.982] Custo GPU do passe: media=1.176 ms minimo=0.991 ms pico=2.887 ms amostras=629 descartadas=0.
[16:45:41.141] Cena 0.18.0: ceu_R/B=1.144 mediana=7.9 faixa_p90-p10=86.3 saturacao=0.102 media=28.3 amostra=1980.
[16:45:49.987] Custo GPU do passe: media=1.170 ms minimo=0.993 ms pico=1.556 ms amostras=637 descartadas=0.
[16:45:59.989] Custo GPU do passe: media=1.160 ms minimo=1.003 ms pico=1.762 ms amostras=679 descartadas=0.
[16:46:09.998] Custo GPU do passe: media=1.166 ms minimo=0.995 ms pico=1.659 ms amostras=718 descartadas=0.
[16:46:11.461] Cena 0.18.0: ceu_R/B=0.980 mediana=2.0 faixa_p90-p10=42.1 saturacao=0.054 media=14.9 amostra=1980.
[16:46:20.000] Custo GPU do passe: media=1.125 ms minimo=0.992 ms pico=1.594 ms amostras=801 descartadas=0.
[16:46:30.013] Custo GPU do passe: media=1.191 ms minimo=0.978 ms pico=1.721 ms amostras=652 descartadas=0.
[16:46:40.020] Custo GPU do passe: media=1.292 ms minimo=0.989 ms pico=1.733 ms amostras=601 descartadas=0.
[16:46:41.510] Cena 0.18.0: ceu_R/B=0.995 mediana=1.0 faixa_p90-p10=33.1 saturacao=0.048 media=9.8 amostra=1980.
[16:46:50.031] Custo GPU do passe: media=1.162 ms minimo=0.989 ms pico=1.622 ms amostras=673 descartadas=0.
[16:47:00.044] Custo GPU do passe: media=1.180 ms minimo=0.986 ms pico=1.734 ms amostras=630 descartadas=0.
[16:47:10.058] Custo GPU do passe: media=1.243 ms minimo=0.981 ms pico=1.771 ms amostras=593 descartadas=0.
[16:47:11.625] Cena 0.18.0: ceu_R/B=0.896 mediana=2.2 faixa_p90-p10=41.1 saturacao=0.090 media=13.9 amostra=1980.
[16:47:20.059] Custo GPU do passe: media=1.241 ms minimo=0.970 ms pico=1.949 ms amostras=613 descartadas=0.
[16:47:30.064] Custo GPU do passe: media=1.131 ms minimo=0.955 ms pico=1.528 ms amostras=660 descartadas=0.
[16:47:40.070] Custo GPU do passe: media=1.146 ms minimo=0.977 ms pico=2.227 ms amostras=740 descartadas=0.
[16:47:41.706] Cena 0.18.0: ceu_R/B=1.543 mediana=11.2 faixa_p90-p10=84.2 saturacao=0.235 media=27.8 amostra=1980.
[16:47:50.085] Custo GPU do passe: media=1.179 ms minimo=0.962 ms pico=1.637 ms amostras=733 descartadas=0.
[16:48:00.088] Custo GPU do passe: media=1.206 ms minimo=0.993 ms pico=1.593 ms amostras=631 descartadas=0.
[16:48:10.091] Custo GPU do passe: media=1.237 ms minimo=0.992 ms pico=1.611 ms amostras=615 descartadas=0.
[16:48:12.024] Cena 0.18.0: ceu_R/B=1.247 mediana=14.0 faixa_p90-p10=65.9 saturacao=0.131 media=27.7 amostra=1980.
[16:48:20.093] Custo GPU do passe: media=1.191 ms minimo=0.991 ms pico=1.624 ms amostras=679 descartadas=0.
[16:48:30.096] Custo GPU do passe: media=1.144 ms minimo=0.996 ms pico=1.560 ms amostras=702 descartadas=0.
[16:48:40.106] Custo GPU do passe: media=1.136 ms minimo=1.000 ms pico=1.540 ms amostras=718 descartadas=0.
[16:48:42.277] Cena 0.18.0: ceu_R/B=1.097 mediana=25.0 faixa_p90-p10=129.3 saturacao=0.126 media=46.6 amostra=1980.
[16:48:50.115] Custo GPU do passe: media=1.112 ms minimo=0.954 ms pico=2.146 ms amostras=708 descartadas=0.
[16:49:00.127] Custo GPU do passe: media=1.104 ms minimo=0.982 ms pico=1.517 ms amostras=707 descartadas=0.
[16:49:10.132] Custo GPU do passe: media=1.128 ms minimo=0.986 ms pico=1.573 ms amostras=696 descartadas=0.
[16:49:12.394] Cena 0.18.0: ceu_R/B=1.067 mediana=4.2 faixa_p90-p10=77.6 saturacao=0.119 media=21.2 amostra=1980.
[16:49:20.136] Custo GPU do passe: media=1.133 ms minimo=1.000 ms pico=1.572 ms amostras=833 descartadas=0.
[16:49:30.144] Custo GPU do passe: media=1.153 ms minimo=0.997 ms pico=1.642 ms amostras=801 descartadas=0.
[16:49:40.153] Custo GPU do passe: media=1.108 ms minimo=1.002 ms pico=1.464 ms amostras=784 descartadas=0.
[16:49:42.531] Cena 0.18.0: ceu_R/B=0.942 mediana=1.0 faixa_p90-p10=56.2 saturacao=0.044 media=14.5 amostra=1980.
[16:49:50.157] Custo GPU do passe: media=1.138 ms minimo=1.007 ms pico=2.074 ms amostras=756 descartadas=0.
[16:50:00.161] Custo GPU do passe: media=1.120 ms minimo=0.987 ms pico=1.715 ms amostras=774 descartadas=0.
[16:50:10.170] Custo GPU do passe: media=1.092 ms minimo=0.981 ms pico=1.515 ms amostras=871 descartadas=0.
[16:50:12.803] Cena 0.18.0: ceu_R/B=0.980 mediana=2.0 faixa_p90-p10=51.1 saturacao=0.066 media=13.9 amostra=1980.
[16:50:20.182] Custo GPU do passe: media=1.092 ms minimo=0.991 ms pico=1.962 ms amostras=896 descartadas=0.
[16:50:30.193] Custo GPU do passe: media=1.102 ms minimo=0.974 ms pico=2.093 ms amostras=852 descartadas=0.
[16:50:40.194] Custo GPU do passe: media=1.083 ms minimo=0.990 ms pico=1.468 ms amostras=877 descartadas=0.
[16:50:42.894] Cena 0.18.0: ceu_R/B=1.567 mediana=17.5 faixa_p90-p10=74.7 saturacao=0.248 media=29.1 amostra=1980.
[16:50:50.193] Custo GPU do passe: media=1.096 ms minimo=0.992 ms pico=1.452 ms amostras=848 descartadas=0.
[16:51:00.198] Custo GPU do passe: media=1.090 ms minimo=0.960 ms pico=2.036 ms amostras=816 descartadas=0.
[16:51:10.201] Custo GPU do passe: media=1.066 ms minimo=0.947 ms pico=1.467 ms amostras=812 descartadas=0.
[16:51:13.125] Cena 0.18.0: ceu_R/B=1.295 mediana=17.2 faixa_p90-p10=105.4 saturacao=0.169 media=41.0 amostra=1980.
[16:51:20.210] Custo GPU do passe: media=1.081 ms minimo=0.985 ms pico=1.415 ms amostras=829 descartadas=0.
[16:51:30.215] Custo GPU do passe: media=1.071 ms minimo=0.961 ms pico=1.920 ms amostras=857 descartadas=0.
[16:51:40.218] Custo GPU do passe: media=1.086 ms minimo=0.969 ms pico=1.484 ms amostras=959 descartadas=0.
[16:51:43.269] Cena 0.18.0: ceu_R/B=0.983 mediana=4.0 faixa_p90-p10=36.2 saturacao=0.068 media=11.6 amostra=1980.
[16:51:50.224] Custo GPU do passe: media=1.083 ms minimo=0.987 ms pico=1.466 ms amostras=988 descartadas=0.
[16:52:00.225] Custo GPU do passe: media=1.097 ms minimo=0.992 ms pico=1.439 ms amostras=1011 descartadas=0.
[16:52:10.229] Custo GPU do passe: media=1.128 ms minimo=1.000 ms pico=1.455 ms amostras=1048 descartadas=0.
[16:52:13.450] Cena 0.18.0: ceu_R/B=0.930 mediana=3.0 faixa_p90-p10=31.0 saturacao=0.065 media=9.8 amostra=1980.
[16:52:20.235] Custo GPU do passe: media=1.154 ms minimo=1.048 ms pico=1.520 ms amostras=1037 descartadas=0.
[16:52:30.244] Custo GPU do passe: media=1.140 ms minimo=1.032 ms pico=1.509 ms amostras=1061 descartadas=0.
[16:52:40.248] Custo GPU do passe: media=1.164 ms minimo=1.045 ms pico=1.538 ms amostras=1043 descartadas=0.
[16:52:43.477] Cena 0.18.0: ceu_R/B=0.989 mediana=4.0 faixa_p90-p10=56.3 saturacao=0.041 media=16.2 amostra=1980.
[16:52:50.251] Custo GPU do passe: media=1.160 ms minimo=1.026 ms pico=1.554 ms amostras=995 descartadas=0.
[16:53:00.261] Custo GPU do passe: media=1.158 ms minimo=1.107 ms pico=1.495 ms amostras=1018 descartadas=0.
[16:53:10.264] Custo GPU do passe: media=1.169 ms minimo=1.115 ms pico=1.542 ms amostras=982 descartadas=0.
[16:53:13.721] Cena 0.18.0: ceu_R/B=0.996 mediana=1.0 faixa_p90-p10=48.0 saturacao=0.035 media=13.0 amostra=1980.
[16:53:20.271] Custo GPU do passe: media=1.155 ms minimo=1.081 ms pico=1.516 ms amostras=934 descartadas=0.
[16:53:30.279] Custo GPU do passe: media=1.143 ms minimo=1.076 ms pico=1.489 ms amostras=978 descartadas=0.
[16:53:40.293] Custo GPU do passe: media=1.117 ms minimo=1.026 ms pico=1.469 ms amostras=937 descartadas=0.
[16:53:43.866] Cena 0.18.0: ceu_R/B=0.960 mediana=1.1 faixa_p90-p10=62.2 saturacao=0.048 media=17.9 amostra=1980.
[16:53:50.295] Custo GPU do passe: media=1.140 ms minimo=1.064 ms pico=1.447 ms amostras=902 descartadas=0.
[16:54:00.297] Custo GPU do passe: media=1.161 ms minimo=1.058 ms pico=1.501 ms amostras=939 descartadas=0.
[16:54:10.313] Custo GPU do passe: media=1.168 ms minimo=1.097 ms pico=1.566 ms amostras=894 descartadas=0.
[16:54:14.163] Cena 0.18.0: ceu_R/B=1.813 mediana=12.4 faixa_p90-p10=100.7 saturacao=0.224 media=35.3 amostra=1980.
[16:54:20.316] Custo GPU do passe: media=1.178 ms minimo=1.114 ms pico=1.568 ms amostras=910 descartadas=0.
[16:54:30.318] Custo GPU do passe: media=1.175 ms minimo=1.103 ms pico=1.557 ms amostras=920 descartadas=0.
[16:54:40.328] Custo GPU do passe: media=1.178 ms minimo=1.107 ms pico=1.533 ms amostras=995 descartadas=0.
[16:54:44.311] Cena 0.18.0: ceu_R/B=0.974 mediana=2.0 faixa_p90-p10=53.6 saturacao=0.038 media=15.7 amostra=1980.
[16:54:50.339] Custo GPU do passe: media=1.171 ms minimo=1.117 ms pico=1.545 ms amostras=972 descartadas=0.
[16:55:00.342] Custo GPU do passe: media=1.174 ms minimo=1.118 ms pico=1.543 ms amostras=989 descartadas=0.
[16:55:10.350] Custo GPU do passe: media=1.159 ms minimo=1.104 ms pico=1.521 ms amostras=934 descartadas=0.
[16:55:14.591] Cena 0.18.0: ceu_R/B=0.954 mediana=2.0 faixa_p90-p10=47.6 saturacao=0.055 media=14.6 amostra=1980.
[16:55:20.365] Custo GPU do passe: media=1.167 ms minimo=1.112 ms pico=1.534 ms amostras=956 descartadas=0.
[16:55:30.381] Custo GPU do passe: media=1.169 ms minimo=1.100 ms pico=1.525 ms amostras=1026 descartadas=0.
[16:55:40.386] Custo GPU do passe: media=1.150 ms minimo=1.071 ms pico=1.531 ms amostras=1041 descartadas=0.
[16:55:44.788] Cena 0.18.0: ceu_R/B=0.902 mediana=2.0 faixa_p90-p10=32.9 saturacao=0.066 media=10.2 amostra=1980.
[16:55:50.397] Custo GPU do passe: media=1.155 ms minimo=1.064 ms pico=1.498 ms amostras=1026 descartadas=0.
[16:56:00.401] Custo GPU do passe: media=1.173 ms minimo=1.114 ms pico=1.498 ms amostras=1025 descartadas=0.
[16:56:10.408] Custo GPU do passe: media=1.163 ms minimo=1.111 ms pico=1.502 ms amostras=944 descartadas=0.
[16:56:14.983] Cena 0.18.0: ceu_R/B=1.235 mediana=1.0 faixa_p90-p10=40.9 saturacao=0.069 media=12.4 amostra=1980.
[16:56:20.410] Custo GPU do passe: media=1.170 ms minimo=1.107 ms pico=1.526 ms amostras=950 descartadas=0.
[16:56:30.417] Custo GPU do passe: media=1.165 ms minimo=1.111 ms pico=1.460 ms amostras=967 descartadas=0.
[16:56:40.417] Custo GPU do passe: media=1.175 ms minimo=1.115 ms pico=1.551 ms amostras=1060 descartadas=0.
[16:56:45.204] Cena 0.18.0: ceu_R/B=0.998 mediana=2.0 faixa_p90-p10=39.3 saturacao=0.062 media=10.7 amostra=1980.
[16:56:50.428] Custo GPU do passe: media=1.170 ms minimo=1.053 ms pico=1.476 ms amostras=1069 descartadas=0.
[16:57:00.433] Custo GPU do passe: media=1.124 ms minimo=1.016 ms pico=1.489 ms amostras=988 descartadas=0.
[16:57:10.448] Custo GPU do passe: media=1.132 ms minimo=1.020 ms pico=1.503 ms amostras=961 descartadas=0.
[16:57:15.486] Cena 0.18.0: ceu_R/B=0.824 mediana=0.1 faixa_p90-p10=29.9 saturacao=0.069 media=8.7 amostra=1980.
[16:57:20.453] Custo GPU do passe: media=1.122 ms minimo=1.043 ms pico=1.436 ms amostras=973 descartadas=0.
[16:57:30.460] Custo GPU do passe: media=1.132 ms minimo=1.030 ms pico=1.484 ms amostras=994 descartadas=0.
[16:57:40.468] Custo GPU do passe: media=1.142 ms minimo=1.025 ms pico=1.534 ms amostras=1043 descartadas=0.
[16:57:45.592] Cena 0.18.0: ceu_R/B=0.993 mediana=2.0 faixa_p90-p10=37.1 saturacao=0.049 media=9.9 amostra=1980.
[16:57:50.470] Custo GPU do passe: media=1.166 ms minimo=1.044 ms pico=1.512 ms amostras=1066 descartadas=0.
[16:58:00.473] Custo GPU do passe: media=1.152 ms minimo=1.092 ms pico=1.521 ms amostras=1074 descartadas=0.
[16:58:10.476] Custo GPU do passe: media=1.164 ms minimo=1.112 ms pico=1.542 ms amostras=1032 descartadas=0.
[16:58:15.595] Cena 0.18.0: ceu_R/B=1.242 mediana=3.0 faixa_p90-p10=36.5 saturacao=0.076 media=12.4 amostra=1980.
[16:58:20.477] Custo GPU do passe: media=1.160 ms minimo=1.042 ms pico=1.483 ms amostras=1026 descartadas=0.
[16:58:30.481] Custo GPU do passe: media=1.159 ms minimo=1.033 ms pico=1.488 ms amostras=1015 descartadas=0.
[16:58:40.482] Custo GPU do passe: media=1.108 ms minimo=1.011 ms pico=1.424 ms amostras=892 descartadas=0.
[16:58:45.799] Cena 0.18.0: ceu_R/B=0.904 mediana=4.1 faixa_p90-p10=30.9 saturacao=0.078 media=10.9 amostra=1980.
[16:58:50.483] Custo GPU do passe: media=1.069 ms minimo=0.980 ms pico=1.511 ms amostras=830 descartadas=0.
[16:59:00.493] Custo GPU do passe: media=1.059 ms minimo=0.979 ms pico=1.495 ms amostras=848 descartadas=0.
[16:59:10.501] Custo GPU do passe: media=1.076 ms minimo=0.979 ms pico=2.127 ms amostras=896 descartadas=0.
[16:59:16.096] Cena 0.18.0: ceu_R/B=0.914 mediana=3.8 faixa_p90-p10=32.3 saturacao=0.081 media=10.8 amostra=1980.
[16:59:20.508] Custo GPU do passe: media=1.102 ms minimo=0.994 ms pico=2.083 ms amostras=914 descartadas=0.
[16:59:30.518] Custo GPU do passe: media=1.102 ms minimo=0.999 ms pico=2.275 ms amostras=880 descartadas=0.
[16:59:40.526] Custo GPU do passe: media=1.125 ms minimo=1.016 ms pico=1.544 ms amostras=899 descartadas=0.
[16:59:46.360] Cena 0.18.0: ceu_R/B=1.558 mediana=23.2 faixa_p90-p10=157.4 saturacao=0.363 media=55.9 amostra=1980.
[16:59:50.527] Custo GPU do passe: media=1.155 ms minimo=1.075 ms pico=1.518 ms amostras=843 descartadas=0.
[17:00:00.537] Custo GPU do passe: media=1.144 ms minimo=1.063 ms pico=1.547 ms amostras=781 descartadas=0.
[17:00:10.543] Custo GPU do passe: media=1.221 ms minimo=1.019 ms pico=1.941 ms amostras=844 descartadas=0.
[17:00:16.448] Cena 0.18.0: ceu_R/B=1.741 mediana=92.0 faixa_p90-p10=186.1 saturacao=0.387 media=97.0 amostra=1980.
[17:00:20.546] Custo GPU do passe: media=1.309 ms minimo=1.007 ms pico=1.687 ms amostras=917 descartadas=0.
[17:00:30.553] Custo GPU do passe: media=1.248 ms minimo=1.082 ms pico=1.776 ms amostras=890 descartadas=0.
[17:00:40.552] Custo GPU do passe: media=1.150 ms minimo=1.097 ms pico=1.468 ms amostras=792 descartadas=0.
[17:00:46.480] Cena 0.18.0: ceu_R/B=1.701 mediana=14.5 faixa_p90-p10=157.0 saturacao=0.285 media=48.0 amostra=1980.
[17:00:50.562] Custo GPU do passe: media=1.146 ms minimo=1.031 ms pico=1.498 ms amostras=787 descartadas=0.
[17:01:00.565] Custo GPU do passe: media=1.153 ms minimo=1.027 ms pico=1.535 ms amostras=840 descartadas=0.
[17:01:10.566] Custo GPU do passe: media=1.114 ms minimo=0.985 ms pico=1.489 ms amostras=770 descartadas=0.
[17:01:16.841] Cena 0.18.0: ceu_R/B=1.413 mediana=13.0 faixa_p90-p10=74.1 saturacao=0.129 media=29.8 amostra=1980.
[17:01:20.565] Custo GPU do passe: media=1.124 ms minimo=1.024 ms pico=1.528 ms amostras=788 descartadas=0.
[17:01:30.568] Custo GPU do passe: media=1.131 ms minimo=1.030 ms pico=1.564 ms amostras=781 descartadas=0.
[17:01:40.578] Custo GPU do passe: media=1.135 ms minimo=1.026 ms pico=2.015 ms amostras=805 descartadas=0.
[17:01:46.981] Cena 0.18.0: ceu_R/B=1.641 mediana=8.0 faixa_p90-p10=52.9 saturacao=0.137 media=19.3 amostra=1980.
[17:01:50.582] Custo GPU do passe: media=1.300 ms minimo=1.026 ms pico=1.717 ms amostras=992 descartadas=0.
[17:02:00.584] Custo GPU do passe: media=1.417 ms minimo=1.278 ms pico=1.809 ms amostras=1047 descartadas=0.
[17:02:10.589] Custo GPU do passe: media=1.305 ms minimo=0.966 ms pico=1.762 ms amostras=996 descartadas=0.
[17:02:17.171] Cena 0.18.0: ceu_R/B=1.003 mediana=136.1 faixa_p90-p10=127.8 saturacao=0.065 media=121.9 amostra=1980.
[17:02:20.596] Custo GPU do passe: media=1.848 ms minimo=0.977 ms pico=3.422 ms amostras=1133 descartadas=0.
[17:02:30.599] Custo GPU do passe: media=2.111 ms minimo=1.108 ms pico=2.986 ms amostras=1187 descartadas=0.
[17:02:40.608] Custo GPU do passe: media=2.226 ms minimo=1.592 ms pico=2.966 ms amostras=1201 descartadas=0.
[17:02:47.282] Cena 0.18.0: ceu_R/B=1.004 mediana=71.4 faixa_p90-p10=75.6 saturacao=0.039 media=72.2 amostra=1980.
[17:02:50.616] Custo GPU do passe: media=2.418 ms minimo=1.822 ms pico=3.188 ms amostras=1201 descartadas=0.
[17:03:00.624] Custo GPU do passe: media=2.271 ms minimo=1.648 ms pico=3.137 ms amostras=1201 descartadas=0.
[17:03:10.623] Custo GPU do passe: media=1.839 ms minimo=1.401 ms pico=3.037 ms amostras=1200 descartadas=0.
[17:03:17.532] Cena 0.18.0: ceu_R/B=1.000 mediana=72.4 faixa_p90-p10=69.4 saturacao=0.042 media=71.7 amostra=1980.
[17:03:18.794] ResizeBuffers solicitado: swap_chain=000000002E5586E0 buffers=3 size=113x20 format=0 flags=0x00000800.
[17:03:18.802] ResizeBuffers concluido: swap_chain=000000002E5586E0 result=0x00000000.
[17:03:18.833] Backbuffer ignorado: 113x20 format=87 samples=1.
[17:03:18.835] Steam screenshot 0.10.4 ativo via ISteamScreenshots v003: ScreenshotRequested_t=2302, readback assincrono e exatamente um WriteScreenshot por toque; deduplicacao=750ms e nenhuma tecla interceptada.
[17:04:36.162] Photorealism Plugin 0.11.0: nucleo grafico carregado via dxgi.dll.
[17:04:48.470] Proxy DXGI conectado a implementacao do sistema.
[17:04:50.444] Steam overlay detectado e estabilizado antes dos hooks: gameoverlayrenderer64.dll=00006FFFFA1D0000 amostras=4.
[17:04:52.580] Hooks Present/Present1/ResizeBuffers/OMSetRenderTargets*/ClearDepthStencilView instalados; feature level=0xB000 Present1=ativo-slot22.
[17:04:52.580] Auditoria Present 0.11.0: phase=install method=Present entry=00006FFFF9EBAB70 current=00006FFFFA081ED0 current_owner=S:\common\Euro Truck Simulator 2\bin\win_x64\dxgi.dll ours=00006FFFFA081ED0 downstream=00006FFFF9BFF9B0 downstream_owner=S:\common\Euro Truck Simulator 2\bin\win_x64\d3d11.dll state=nosso-hook-externo.
[17:04:52.580] Auditoria Present 0.11.0: phase=install method=Present1 entry=00006FFFF9EBABE0 current=00006FFFFA082030 current_owner=S:\common\Euro Truck Simulator 2\bin\win_x64\dxgi.dll ours=00006FFFFA082030 downstream=00006FFFF9C00700 downstream_owner=S:\common\Euro Truck Simulator 2\bin\win_x64\d3d11.dll state=nosso-hook-externo.
[17:04:52.681] Swap chain ativo detectado: 000000002E558010; recursos serao vinculados no proximo frame.
[17:04:52.682] Camadas cumulativas: base_0.1.2=ativa visual_0.2.0=ativa rain_overcast_0.3.0=ativa.
[17:04:52.682] Perfil efetivo: temperature=6400.0 exposure=0.011 contrast=1.070 saturation=0.970 vibrance=0.050 shadows=0.100 highlights=-0.180 blacks=0.000 whites=0.080 local_contrast=0.240 sharpness=0.200 vignette=0.030.
[17:04:52.682] Perfil efetivo (cor): tint=0.500 highlight_rolloff=0.350 black_lift=0.001398/0.002480/0.002268.
[17:04:52.682] Balanco de branco 0.18.2: bruto=0.9773/1.0500/0.9721 luma_bruta=1.028920 (+0.0411 EV) normalizado=0.9498/1.0205/0.9448 ganho_luma=1.000000 (+0.0000 EV).
[17:04:52.682] Depth linearization 0.6.4: reversed_z=sim near_plane=0.1000 preview_distance=50.0 vertical_fov=60.0.
[17:04:52.682] Modulo SSAO 0.7.0: ativo samples=8 radius=0.800 intensity=0.280 bias=0.040 fade=30.0-70.0 edge_rejection=1.50.
[17:04:52.683] Modulo SSAO refinement 0.8.0: ativo samples=16 highlight_protection=0.55-0.95 ao_floor=0.35.
[17:04:52.683] Modulo SSAO interior 0.9.0: ativo faixa=2.0-8.0m radius=0.450 intensity=0.200 bias=0.050 edge_rejection=1.75.
[17:04:52.683] Modulo temporal 0.10.0: ativo history_weight=0.65 depth_rejection=0.020 color_rejection=0.080.
[17:04:52.683] Modulo bloom 0.17.0: ativo threshold=0.850 knee=0.060 intensity=0.020 radius=0.0300 (licenca artistica; so o limiar e medido).
[17:04:52.683] Modulo observador de cena 0.18.0: ativo intervalo=30 frames log=30s (mede o frame pre-grade; nao altera a imagem).
[17:04:52.683] Telemetria GPU inicializada: 8 amostras em anel, relatorio=10s.
[17:04:53.083] Auditoria Present 0.11.0: phase=post-install-500ms method=Present entry=00006FFFF9EBAB70 current=00006FFFFA081ED0 current_owner=S:\common\Euro Truck Simulator 2\bin\win_x64\dxgi.dll ours=00006FFFFA081ED0 downstream=00006FFFF9BFF9B0 downstream_owner=S:\common\Euro Truck Simulator 2\bin\win_x64\d3d11.dll state=nosso-hook-externo.
[17:04:53.083] Auditoria Present 0.11.0: phase=post-install-500ms method=Present1 entry=00006FFFF9EBABE0 current=00006FFFFA082030 current_owner=S:\common\Euro Truck Simulator 2\bin\win_x64\dxgi.dll ours=00006FFFFA082030 downstream=00006FFFF9C00700 downstream_owner=S:\common\Euro Truck Simulator 2\bin\win_x64\d3d11.dll state=nosso-hook-externo.
[17:04:53.188] Shaders Photorealism compilados: visual=ok depth_preview=ok ssao_0.9.1=ok temporal_0.10.0=ok bloom_0.17.0=ok.
[17:04:53.188] Pipeline D3D11 inicializado.
[17:04:53.188] Descoberta depth 0.10.1 iniciada por backbuffer: cycle=1 backbuffer=1920x1080 format=87 janela=30000ms early=3000ms resources=256 view_cache=4096.
[17:04:53.188] Recursos de frame criados: 1920x1080 format=87 ssao_intermediate=ok temporal_spatial=ok.
[17:04:53.189] Bloom 0.17.0 com piramide de 5 niveis: 960x540 ate 60x33.
[17:04:53.189] Bloom 0.17.0 ativo: niveis=5 threshold=0.850 knee=0.060 intensity=0.020 radius=0.0300.
[17:04:53.189] SSAO 0.9.1 aguardando depth e recursos validos; o passe visual aprovado permanece ativo.
[17:04:53.189] Resolve temporal 0.10.0 aguardando depth e recursos validos; pilha visual/SSAO permanece ativa.
[17:04:53.189] Observador de cena 0.18.0 ativo: fonte 1920x1080 format=90 amostrado como 87, mip 5 (60x33 = 1980 pixels), intervalo=30 frames, log=30s.
[17:04:53.190] Primeiro frame processado: 1920x1080 format=87 srgb_manual_entrada=nao srgb_manual_saida=nao ssao_solicitado=sim temporal_solicitado=sim.
[17:04:53.190] Steam screenshot 0.10.4 ativo via ISteamScreenshots v003: ScreenshotRequested_t=2302, readback assincrono e exatamente um WriteScreenshot por toque; deduplicacao=750ms e nenhuma tecla interceptada.
[17:04:53.190] Auditoria Present 0.11.0: phase=first-runtime-call method=Present entry=00006FFFF9EBAB70 current=00006FFFFA081ED0 current_owner=S:\common\Euro Truck Simulator 2\bin\win_x64\dxgi.dll ours=00006FFFFA081ED0 downstream=00006FFFF9BFF9B0 downstream_owner=S:\common\Euro Truck Simulator 2\bin\win_x64\d3d11.dll state=nosso-hook-externo.
[17:04:53.678] Cena 0.18.0: ceu_R/B=1.572 mediana=0.0 faixa_p90-p10=0.0 saturacao=0.020 media=4.6 amostra=1980.
[17:04:54.584] Auditoria Present 0.11.0: phase=post-install-2000ms method=Present entry=00006FFFF9EBAB70 current=00006FFFFA081ED0 current_owner=S:\common\Euro Truck Simulator 2\bin\win_x64\dxgi.dll ours=00006FFFFA081ED0 downstream=00006FFFF9BFF9B0 downstream_owner=S:\common\Euro Truck Simulator 2\bin\win_x64\d3d11.dll state=nosso-hook-externo.
[17:04:54.585] Auditoria Present 0.11.0: phase=post-install-2000ms method=Present1 entry=00006FFFF9EBABE0 current=00006FFFFA082030 current_owner=S:\common\Euro Truck Simulator 2\bin\win_x64\dxgi.dll ours=00006FFFFA082030 downstream=00006FFFF9C00700 downstream_owner=S:\common\Euro Truck Simulator 2\bin\win_x64\d3d11.dll state=nosso-hook-externo.
[17:04:57.587] Auditoria Present 0.11.0: phase=post-install-5000ms method=Present entry=00006FFFF9EBAB70 current=00006FFFFA081ED0 current_owner=S:\common\Euro Truck Simulator 2\bin\win_x64\dxgi.dll ours=00006FFFFA081ED0 downstream=00006FFFF9BFF9B0 downstream_owner=S:\common\Euro Truck Simulator 2\bin\win_x64\d3d11.dll state=nosso-hook-externo.
[17:04:57.587] Auditoria Present 0.11.0: phase=post-install-5000ms method=Present1 entry=00006FFFF9EBABE0 current=00006FFFFA082030 current_owner=S:\common\Euro Truck Simulator 2\bin\win_x64\dxgi.dll ours=00006FFFFA082030 downstream=00006FFFF9C00700 downstream_owner=S:\common\Euro Truck Simulator 2\bin\win_x64\d3d11.dll state=nosso-hook-externo.
[17:05:02.688] Custo GPU do passe: media=1.446 ms minimo=0.411 ms pico=2.598 ms amostras=773 descartadas=0.
[17:05:12.688] Custo GPU do passe: media=1.669 ms minimo=1.386 ms pico=2.141 ms amostras=1200 descartadas=0.
[17:05:22.694] Custo GPU do passe: media=1.516 ms minimo=0.737 ms pico=1.993 ms amostras=1199 descartadas=0.
[17:05:23.761] Cena 0.18.0: ceu_R/B=0.894 mediana=36.7 faixa_p90-p10=174.0 saturacao=0.193 media=65.3 amostra=1980.
[17:05:32.694] Custo GPU do passe: media=1.514 ms minimo=1.476 ms pico=1.732 ms amostras=1200 descartadas=0.
[17:05:42.694] Custo GPU do passe: media=1.494 ms minimo=0.383 ms pico=1.819 ms amostras=1207 descartadas=0.
[17:05:43.610] Descoberta depth 0.10.1 concluida: cycle=1 mode=window-timeout resources=3 grupos=2 resource_evictions=0 view_cache_replacements=0 janela=30000ms minimum_bindings=1000 minimum_rate=400/s scaled_area=110%.
[17:05:43.610] Depth principal 0.10.1 ainda nao foi retido com seguranca; nenhum recurso elegivel atingiu a confianca minima e a descoberta continuara automaticamente no cycle=2.
[17:05:43.610] Depth grupo #1: size=1920x1080 area_scale=1.000x aspect_error=0.00% texture_format=19(R32G8X24_TYPELESS) view_format=20(D32_FLOAT_S8X24_UINT) samples=1 bind_flags=0x00000048 shader_readable=sim resources=2 bindings=214 score=28665446400.
[17:05:43.610] Depth grupo #2: size=1024x1024 area_scale=0.506x aspect_error=43.75% texture_format=19(R32G8X24_TYPELESS) view_format=20(D32_FLOAT_S8X24_UINT) samples=1 bind_flags=0x00000048 shader_readable=sim resources=1 bindings=42 score=2818048.
[17:05:43.610] Depth recurso #1: resource=00000000312A4000 size=1920x1080 texture_format=19(R32G8X24_TYPELESS) view_format=20(D32_FLOAT_S8X24_UINT) samples=1 bind_flags=0x00000048 shader_readable=sim views=3 bindings=186 score=24816844800 elegibilidade=bindings-insuficientes.
[17:05:43.610] Depth recurso #2: resource=00000000359FBF60 size=1920x1080 texture_format=19(R32G8X24_TYPELESS) view_format=20(D32_FLOAT_S8X24_UINT) samples=1 bind_flags=0x00000048 shader_readable=sim views=28 bindings=28 score=3848601600 elegibilidade=bindings-insuficientes.
[17:05:43.610] Depth recurso #3: resource=00000000359F4CB0 size=1024x1024 texture_format=19(R32G8X24_TYPELESS) view_format=20(D32_FLOAT_S8X24_UINT) samples=1 bind_flags=0x00000048 shader_readable=sim views=42 bindings=42 score=2818048 elegibilidade=bindings-insuficientes.
[17:05:48.908] Descoberta depth 0.10.1 concluida: cycle=2 mode=early-confidence resources=2 grupos=2 resource_evictions=0 view_cache_replacements=0 janela=30000ms minimum_bindings=1000 minimum_rate=400/s scaled_area=110%.
[17:05:48.909] Depth principal 0.10.1 selecionado automaticamente: resource=00000000359FBF60 generation=1 size=1920x1080 texture_format=19(R32G8X24_TYPELESS) samples=1 bind_flags=0x00000048 bindings=1078 score=143194521600.
[17:05:48.909] Depth grupo #1: size=1920x1080 area_scale=1.000x aspect_error=0.00% texture_format=19(R32G8X24_TYPELESS) view_format=20(D32_FLOAT_S8X24_UINT) samples=1 bind_flags=0x00000048 shader_readable=sim resources=1 bindings=1078 score=143194521600.
[17:05:48.909] Depth grupo #2: size=1024x1024 area_scale=0.506x aspect_error=43.75% texture_format=19(R32G8X24_TYPELESS) view_format=20(D32_FLOAT_S8X24_UINT) samples=1 bind_flags=0x00000048 shader_readable=sim resources=1 bindings=1994 score=130744320.
[17:05:48.909] Depth recurso #1: resource=00000000359FBF60 size=1920x1080 texture_format=19(R32G8X24_TYPELESS) view_format=20(D32_FLOAT_S8X24_UINT) samples=1 bind_flags=0x00000048 shader_readable=sim views=62 bindings=1078 score=143194521600 elegibilidade=aceito.
[17:05:48.909] Depth recurso #2: resource=00000000359F4CB0 size=1024x1024 texture_format=19(R32G8X24_TYPELESS) view_format=20(D32_FLOAT_S8X24_UINT) samples=1 bind_flags=0x00000048 shader_readable=sim views=93 bindings=1994 score=130744320 elegibilidade=forma-incompativel.
[17:05:48.915] Recursos de copia depth criados: generation=1 size=1920x1080 source_format=19 resource_format=19 view_format=21.
[17:05:48.916] Recursos temporais 0.10.0 criados: color=1920x1080 depth=1920x1080 generation=1.
[17:05:48.916] SSAO 0.9.1 ativo: source=1920x1080 format=19 generation=1 samples=16 radius=0.800 intensity=0.280 fade=30.0-70.0 interior=ativo.
[17:05:48.916] Resolve temporal 0.10.0 ativo: source=1920x1080 depth=1920x1080 generation=1 history_weight=0.65 depth_rejection=0.020 color_rejection=0.080.
[17:05:48.916] Historico temporal 0.10.0 inicializado: color=1920x1080 depth=1920x1080 generation=1.
[17:05:52.699] Custo GPU do passe: media=1.429 ms minimo=0.381 ms pico=2.812 ms amostras=1229 descartadas=0.
[17:05:53.965] Cena 0.18.0: ceu_R/B=1.049 mediana=58.0 faixa_p90-p10=70.9 saturacao=0.051 media=68.4 amostra=1980.
[17:06:02.705] Custo GPU do passe: media=1.609 ms minimo=0.723 ms pico=2.578 ms amostras=1161 descartadas=0.
[17:06:12.707] Custo GPU do passe: media=1.492 ms minimo=1.007 ms pico=3.174 ms amostras=1185 descartadas=0.
[17:06:22.712] Custo GPU do passe: media=1.885 ms minimo=1.001 ms pico=2.714 ms amostras=1180 descartadas=0.
[17:06:24.096] Cena 0.18.0: ceu_R/B=0.997 mediana=72.4 faixa_p90-p10=70.4 saturacao=0.043 media=71.9 amostra=1980.
[17:06:32.712] Custo GPU do passe: media=1.754 ms minimo=1.534 ms pico=2.192 ms amostras=1200 descartadas=0.
[17:06:42.720] Custo GPU do passe: media=2.456 ms minimo=1.598 ms pico=3.139 ms amostras=1201 descartadas=0.
[17:06:52.728] Custo GPU do passe: media=2.529 ms minimo=2.059 ms pico=3.410 ms amostras=1201 descartadas=0.
[17:06:54.345] Cena 0.18.0: ceu_R/B=1.032 mediana=71.9 faixa_p90-p10=72.3 saturacao=0.033 media=70.8 amostra=1980.
[17:07:02.728] Custo GPU do passe: media=2.256 ms minimo=1.783 ms pico=2.489 ms amostras=1200 descartadas=0.
[00:06:12.873] Photorealism Plugin 0.11.0: nucleo grafico carregado via dxgi.dll.
[00:06:25.445] Proxy DXGI conectado a implementacao do sistema.
[00:06:26.712] Steam overlay detectado e estabilizado antes dos hooks: gameoverlayrenderer64.dll=00006FFFFA1D0000 amostras=4.
[00:06:27.795] Hooks Present/Present1/ResizeBuffers/OMSetRenderTargets*/ClearDepthStencilView instalados; feature level=0xB000 Present1=ativo-slot22.
[00:06:27.795] Auditoria Present 0.11.0: phase=install method=Present entry=00006FFFF9EBAB70 current=00006FFFFA081ED0 current_owner=S:\common\Euro Truck Simulator 2\bin\win_x64\dxgi.dll ours=00006FFFFA081ED0 downstream=00006FFFF9BFF9B0 downstream_owner=S:\common\Euro Truck Simulator 2\bin\win_x64\d3d11.dll state=nosso-hook-externo.
[00:06:27.795] Auditoria Present 0.11.0: phase=install method=Present1 entry=00006FFFF9EBABE0 current=00006FFFFA082030 current_owner=S:\common\Euro Truck Simulator 2\bin\win_x64\dxgi.dll ours=00006FFFFA082030 downstream=00006FFFF9C00700 downstream_owner=S:\common\Euro Truck Simulator 2\bin\win_x64\d3d11.dll state=nosso-hook-externo.
[00:06:27.844] ResizeBuffers solicitado: swap_chain=000000002E567690 buffers=3 size=109x1 format=0 flags=0x00000800.
[00:06:27.845] ResizeBuffers concluido: swap_chain=000000002E567690 result=0x00000000.
[00:06:27.846] ResizeBuffers solicitado: swap_chain=000000002E567690 buffers=3 size=1440x900 format=0 flags=0x00000800.
[00:06:27.846] ResizeBuffers concluido: swap_chain=000000002E567690 result=0x00000000.
[00:06:28.299] Auditoria Present 0.11.0: phase=post-install-500ms method=Present entry=00006FFFF9EBAB70 current=00006FFFFA081ED0 current_owner=S:\common\Euro Truck Simulator 2\bin\win_x64\dxgi.dll ours=00006FFFFA081ED0 downstream=00006FFFF9BFF9B0 downstream_owner=S:\common\Euro Truck Simulator 2\bin\win_x64\d3d11.dll state=nosso-hook-externo.
[00:06:28.299] Auditoria Present 0.11.0: phase=post-install-500ms method=Present1 entry=00006FFFF9EBABE0 current=00006FFFFA082030 current_owner=S:\common\Euro Truck Simulator 2\bin\win_x64\dxgi.dll ours=00006FFFFA082030 downstream=00006FFFF9C00700 downstream_owner=S:\common\Euro Truck Simulator 2\bin\win_x64\d3d11.dll state=nosso-hook-externo.
[00:06:29.242] ResizeBuffers solicitado: swap_chain=000000002E567690 buffers=3 size=109x16 format=0 flags=0x00000800.
[00:06:29.243] ResizeBuffers concluido: swap_chain=000000002E567690 result=0x00000000.
[00:06:29.245] ResizeBuffers solicitado: swap_chain=000000002E567690 buffers=3 size=119x52 format=0 flags=0x00000800.
[00:06:29.245] ResizeBuffers concluido: swap_chain=000000002E567690 result=0x00000000.
[00:06:29.246] ResizeBuffers solicitado: swap_chain=000000002E567690 buffers=3 size=1920x1080 format=0 flags=0x00000800.
[00:06:29.247] ResizeBuffers concluido: swap_chain=000000002E567690 result=0x00000000.
[00:06:29.247] ResizeBuffers solicitado: swap_chain=000000002E567690 buffers=3 size=1920x1080 format=0 flags=0x00000800.
[00:06:29.247] ResizeBuffers concluido: swap_chain=000000002E567690 result=0x00000000.
[00:06:29.798] Camadas cumulativas: base_0.1.2=ativa visual_0.2.0=ativa rain_overcast_0.3.0=ativa.
[00:06:29.798] Perfil efetivo: temperature=6400.0 exposure=0.011 contrast=1.070 saturation=0.970 vibrance=0.050 shadows=0.100 highlights=-0.180 blacks=0.000 whites=0.080 local_contrast=0.240 sharpness=0.200 vignette=0.030.
[00:06:29.798] Perfil efetivo (cor): tint=0.500 highlight_rolloff=0.350 black_lift=0.001398/0.002480/0.002268.
[00:06:29.799] Balanco de branco 0.18.2: bruto=0.9773/1.0500/0.9721 luma_bruta=1.028920 (+0.0411 EV) normalizado=0.9498/1.0205/0.9448 ganho_luma=1.000000 (+0.0000 EV).
[00:06:29.799] Depth linearization 0.6.4: reversed_z=sim near_plane=0.1000 preview_distance=50.0 vertical_fov=60.0.
[00:06:29.799] Modulo SSAO 0.7.0: ativo samples=8 radius=0.800 intensity=0.280 bias=0.040 fade=30.0-70.0 edge_rejection=1.50.
[00:06:29.799] Modulo SSAO refinement 0.8.0: ativo samples=16 highlight_protection=0.55-0.95 ao_floor=0.35.
[00:06:29.799] Modulo SSAO interior 0.9.0: ativo faixa=2.0-8.0m radius=0.450 intensity=0.200 bias=0.050 edge_rejection=1.75.
[00:06:29.799] Modulo temporal 0.10.0: ativo history_weight=0.65 depth_rejection=0.020 color_rejection=0.080.
[00:06:29.799] Modulo bloom 0.17.0: ativo threshold=0.850 knee=0.060 intensity=0.020 radius=0.0300 (licenca artistica; so o limiar e medido).
[00:06:29.799] Modulo observador de cena 0.18.0: ativo intervalo=30 frames log=30s (mede o frame pre-grade; nao altera a imagem).
[00:06:29.800] Telemetria GPU inicializada: 8 amostras em anel, relatorio=10s.
[00:06:29.822] Auditoria Present 0.11.0: phase=post-install-2000ms method=Present entry=00006FFFF9EBAB70 current=00006FFFFA081ED0 current_owner=S:\common\Euro Truck Simulator 2\bin\win_x64\dxgi.dll ours=00006FFFFA081ED0 downstream=00006FFFF9BFF9B0 downstream_owner=S:\common\Euro Truck Simulator 2\bin\win_x64\d3d11.dll state=nosso-hook-externo.
[00:06:29.822] Auditoria Present 0.11.0: phase=post-install-2000ms method=Present1 entry=00006FFFF9EBABE0 current=00006FFFFA082030 current_owner=S:\common\Euro Truck Simulator 2\bin\win_x64\dxgi.dll ours=00006FFFFA082030 downstream=00006FFFF9C00700 downstream_owner=S:\common\Euro Truck Simulator 2\bin\win_x64\d3d11.dll state=nosso-hook-externo.
[00:06:30.337] Shaders Photorealism compilados: visual=ok depth_preview=ok ssao_0.9.1=ok temporal_0.10.0=ok bloom_0.17.0=ok.
[00:06:30.337] Pipeline D3D11 inicializado.
[00:06:30.338] Descoberta depth 0.10.1 iniciada por backbuffer: cycle=1 backbuffer=1920x1080 format=87 janela=30000ms early=3000ms resources=256 view_cache=4096.
[00:06:30.338] Recursos de frame criados: 1920x1080 format=87 ssao_intermediate=ok temporal_spatial=ok.
[00:06:30.338] Bloom 0.17.0 com piramide de 5 niveis: 960x540 ate 60x33.
[00:06:30.338] Bloom 0.17.0 ativo: niveis=5 threshold=0.850 knee=0.060 intensity=0.020 radius=0.0300.
[00:06:30.338] SSAO 0.9.1 aguardando depth e recursos validos; o passe visual aprovado permanece ativo.
[00:06:30.338] Resolve temporal 0.10.0 aguardando depth e recursos validos; pilha visual/SSAO permanece ativa.
[00:06:30.339] Observador de cena 0.18.0 ativo: fonte 1920x1080 format=90 amostrado como 87, mip 5 (60x33 = 1980 pixels), intervalo=30 frames, log=30s.
[00:06:30.339] Primeiro frame processado: 1920x1080 format=87 srgb_manual_entrada=nao srgb_manual_saida=nao ssao_solicitado=sim temporal_solicitado=sim.
[00:06:30.340] Steam screenshot 0.10.4 ativo via ISteamScreenshots v003: ScreenshotRequested_t=2302, readback assincrono e exatamente um WriteScreenshot por toque; deduplicacao=750ms e nenhuma tecla interceptada.
[00:06:30.340] Auditoria Present 0.11.0: phase=first-runtime-call method=Present entry=00006FFFF9EBAB70 current=00006FFFFA081ED0 current_owner=S:\common\Euro Truck Simulator 2\bin\win_x64\dxgi.dll ours=00006FFFFA081ED0 downstream=00006FFFF9BFF9B0 downstream_owner=S:\common\Euro Truck Simulator 2\bin\win_x64\d3d11.dll state=nosso-hook-externo.
[00:06:30.862] Cena 0.18.0: ceu_R/B=1.515 mediana=0.0 faixa_p90-p10=0.0 saturacao=0.019 media=4.6 amostra=1980.
[00:06:32.825] Auditoria Present 0.11.0: phase=post-install-5000ms method=Present entry=00006FFFF9EBAB70 current=00006FFFFA081ED0 current_owner=S:\common\Euro Truck Simulator 2\bin\win_x64\dxgi.dll ours=00006FFFFA081ED0 downstream=00006FFFF9BFF9B0 downstream_owner=S:\common\Euro Truck Simulator 2\bin\win_x64\d3d11.dll state=nosso-hook-externo.
[00:06:32.825] Auditoria Present 0.11.0: phase=post-install-5000ms method=Present1 entry=00006FFFF9EBABE0 current=00006FFFFA082030 current_owner=S:\common\Euro Truck Simulator 2\bin\win_x64\dxgi.dll ours=00006FFFFA082030 downstream=00006FFFF9C00700 downstream_owner=S:\common\Euro Truck Simulator 2\bin\win_x64\d3d11.dll state=nosso-hook-externo.
[00:06:39.120] Descoberta depth 0.10.1 concluida: cycle=1 mode=early-confidence resources=1 grupos=1 resource_evictions=0 view_cache_replacements=0 janela=30000ms minimum_bindings=1000 minimum_rate=400/s scaled_area=110%.
[00:06:39.120] Depth principal 0.10.1 selecionado automaticamente: resource=000000003CD3C450 generation=1 size=1920x1080 texture_format=19(R32G8X24_TYPELESS) samples=1 bind_flags=0x00000048 bindings=1024 score=136028160000.
[00:06:39.120] Depth grupo #1: size=1920x1080 area_scale=1.000x aspect_error=0.00% texture_format=19(R32G8X24_TYPELESS) view_format=20(D32_FLOAT_S8X24_UINT) samples=1 bind_flags=0x00000048 shader_readable=sim resources=1 bindings=1024 score=136028160000.
[00:06:39.120] Depth recurso #1: resource=000000003CD3C450 size=1920x1080 texture_format=19(R32G8X24_TYPELESS) view_format=20(D32_FLOAT_S8X24_UINT) samples=1 bind_flags=0x00000048 shader_readable=sim views=3 bindings=1024 score=136028160000 elegibilidade=aceito.
[00:06:39.128] Recursos de copia depth criados: generation=1 size=1920x1080 source_format=19 resource_format=19 view_format=21.
[00:06:39.128] Recursos temporais 0.10.0 criados: color=1920x1080 depth=1920x1080 generation=1.
[00:06:39.128] SSAO 0.9.1 ativo: source=1920x1080 format=19 generation=1 samples=16 radius=0.800 intensity=0.280 fade=30.0-70.0 interior=ativo.
[00:06:39.128] Resolve temporal 0.10.0 ativo: source=1920x1080 depth=1920x1080 generation=1 history_weight=0.65 depth_rejection=0.020 color_rejection=0.080.
[00:06:39.128] Historico temporal 0.10.0 inicializado: color=1920x1080 depth=1920x1080 generation=1.
[00:06:39.717] Depth sem atividade confirmada por 3 frames: generation=1; SSAO suspenso e visual photorealista preservado.
[00:06:39.717] Historico temporal 0.10.0 invalidado: depth ou passe temporal indisponivel.
[00:06:39.717] SSAO 0.9.1 aguardando depth e recursos validos; o passe visual aprovado permanece ativo.
[00:06:39.718] Resolve temporal 0.10.0 aguardando depth e recursos validos; pilha visual/SSAO permanece ativa.
[00:06:39.813] Custo GPU do passe: media=1.534 ms minimo=0.406 ms pico=3.886 ms amostras=1115 descartadas=0.
[00:06:39.888] Descoberta depth 0.10.1 reiniciada automaticamente por depth obsoleto: cycle=2 backbuffer=1920x1080 format=87 janela=30000ms early=3000ms resources=256 view_cache=4096.
[00:06:39.888] Depth obsoleto invalidado apos 30 frames; redescoberta automatica iniciada sem acao do usuario.
[00:06:39.888] SSAO 0.9.1 aguardando depth e recursos validos; o passe visual aprovado permanece ativo.
[00:06:39.888] Resolve temporal 0.10.0 aguardando depth e recursos validos; pilha visual/SSAO permanece ativa.
[00:06:49.822] Custo GPU do passe: media=1.506 ms minimo=0.446 ms pico=2.032 ms amostras=1147 descartadas=0.
[00:06:59.826] Custo GPU do passe: media=1.602 ms minimo=0.424 ms pico=1.844 ms amostras=892 descartadas=0.
[00:07:01.043] Cena 0.18.0: ceu_R/B=0.818 mediana=43.4 faixa_p90-p10=181.0 saturacao=0.131 media=61.5 amostra=1980.
[00:07:09.828] Custo GPU do passe: media=1.488 ms minimo=1.077 ms pico=1.739 ms amostras=1200 descartadas=0.
[00:07:19.833] Custo GPU do passe: media=1.521 ms minimo=0.423 ms pico=1.815 ms amostras=1201 descartadas=0.
[00:07:25.774] Descoberta depth 0.10.1 concluida: cycle=2 mode=window-timeout resources=2 grupos=2 resource_evictions=0 view_cache_replacements=0 janela=30000ms minimum_bindings=1000 minimum_rate=400/s scaled_area=110%.
[00:07:25.774] Depth principal 0.10.1 ainda nao foi retido com seguranca; nenhum recurso elegivel atingiu a confianca minima e a descoberta continuara automaticamente no cycle=3.
[00:07:25.774] Depth grupo #1: size=1920x1080 area_scale=1.000x aspect_error=0.00% texture_format=19(R32G8X24_TYPELESS) view_format=20(D32_FLOAT_S8X24_UINT) samples=1 bind_flags=0x00000048 shader_readable=sim resources=1 bindings=115 score=15394406400.
[00:07:25.775] Depth grupo #2: size=1024x1024 area_scale=0.506x aspect_error=43.75% texture_format=19(R32G8X24_TYPELESS) view_format=20(D32_FLOAT_S8X24_UINT) samples=1 bind_flags=0x00000048 shader_readable=sim resources=1 bindings=141 score=9306112.
[00:07:25.775] Depth recurso #1: resource=000000003D5C8170 size=1920x1080 texture_format=19(R32G8X24_TYPELESS) view_format=20(D32_FLOAT_S8X24_UINT) samples=1 bind_flags=0x00000048 shader_readable=sim views=56 bindings=115 score=15394406400 elegibilidade=bindings-insuficientes.
[00:07:25.775] Depth recurso #2: resource=000000003D5C79F0 size=1024x1024 texture_format=19(R32G8X24_TYPELESS) view_format=20(D32_FLOAT_S8X24_UINT) samples=1 bind_flags=0x00000048 shader_readable=sim views=72 bindings=141 score=9306112 elegibilidade=bindings-insuficientes.
[00:07:29.838] Custo GPU do passe: media=1.298 ms minimo=0.378 ms pico=1.923 ms amostras=1170 descartadas=0.
[00:07:30.814] Descoberta depth 0.10.1 concluida: cycle=3 mode=early-confidence resources=2 grupos=2 resource_evictions=0 view_cache_replacements=0 janela=30000ms minimum_bindings=1000 minimum_rate=400/s scaled_area=110%.
[00:07:30.814] Depth principal 0.10.1 selecionado automaticamente: resource=000000003D5C8170 generation=2 size=1920x1080 texture_format=19(R32G8X24_TYPELESS) samples=1 bind_flags=0x00000048 bindings=1019 score=135364608000.
[00:07:30.815] Depth grupo #1: size=1920x1080 area_scale=1.000x aspect_error=0.00% texture_format=19(R32G8X24_TYPELESS) view_format=20(D32_FLOAT_S8X24_UINT) samples=1 bind_flags=0x00000048 shader_readable=sim resources=1 bindings=1019 score=135364608000.
[00:07:30.815] Depth grupo #2: size=1024x1024 area_scale=0.506x aspect_error=43.75% texture_format=19(R32G8X24_TYPELESS) view_format=20(D32_FLOAT_S8X24_UINT) samples=1 bind_flags=0x00000048 shader_readable=sim resources=1 bindings=1797 score=117833728.
[00:07:30.815] Depth recurso #1: resource=000000003D5C8170 size=1920x1080 texture_format=19(R32G8X24_TYPELESS) view_format=20(D32_FLOAT_S8X24_UINT) samples=1 bind_flags=0x00000048 shader_readable=sim views=54 bindings=1019 score=135364608000 elegibilidade=aceito.
[00:07:30.815] Depth recurso #2: resource=000000003D5C79F0 size=1024x1024 texture_format=19(R32G8X24_TYPELESS) view_format=20(D32_FLOAT_S8X24_UINT) samples=1 bind_flags=0x00000048 shader_readable=sim views=70 bindings=1797 score=117833728 elegibilidade=forma-incompativel.
[00:07:30.821] Recursos de copia depth criados: generation=2 size=1920x1080 source_format=19 resource_format=19 view_format=21.
[00:07:30.821] Recursos temporais 0.10.0 criados: color=1920x1080 depth=1920x1080 generation=2.
[00:07:30.822] SSAO 0.9.1 ativo: source=1920x1080 format=19 generation=2 samples=16 radius=0.800 intensity=0.280 fade=30.0-70.0 interior=ativo.
[00:07:30.822] Resolve temporal 0.10.0 ativo: source=1920x1080 depth=1920x1080 generation=2 history_weight=0.65 depth_rejection=0.020 color_rejection=0.080.
[00:07:30.822] Historico temporal 0.10.0 inicializado: color=1920x1080 depth=1920x1080 generation=2.
[00:07:31.046] Cena 0.18.0: ceu_R/B=1.006 mediana=68.5 faixa_p90-p10=106.1 saturacao=0.067 media=79.8 amostra=1980.
[00:07:39.841] Custo GPU do passe: media=1.642 ms minimo=0.894 ms pico=2.315 ms amostras=1204 descartadas=0.
[00:07:49.848] Custo GPU do passe: media=1.665 ms minimo=0.732 ms pico=2.648 ms amostras=1203 descartadas=0.
[00:07:59.850] Custo GPU do passe: media=1.389 ms minimo=0.766 ms pico=3.938 ms amostras=1097 descartadas=0.
[00:08:01.201] Cena 0.18.0: ceu_R/B=1.050 mediana=13.2 faixa_p90-p10=75.9 saturacao=0.158 media=27.1 amostra=1980.
[00:08:09.852] Custo GPU do passe: media=1.356 ms minimo=1.216 ms pico=1.715 ms amostras=1137 descartadas=0.
[00:08:19.859] Custo GPU do passe: media=1.251 ms minimo=1.209 ms pico=1.491 ms amostras=1183 descartadas=0.
[00:08:29.863] Custo GPU do passe: media=1.260 ms minimo=1.219 ms pico=1.535 ms amostras=1127 descartadas=0.
[00:08:31.216] Cena 0.18.0: ceu_R/B=1.406 mediana=18.0 faixa_p90-p10=98.9 saturacao=0.153 media=32.2 amostra=1980.
[00:08:39.870] Custo GPU do passe: media=1.253 ms minimo=1.198 ms pico=1.474 ms amostras=1129 descartadas=0.
[00:08:49.883] Custo GPU do passe: media=1.260 ms minimo=1.220 ms pico=1.454 ms amostras=1110 descartadas=0.
[00:08:59.892] Custo GPU do passe: media=1.141 ms minimo=1.022 ms pico=1.498 ms amostras=890 descartadas=0.
[00:09:01.241] Cena 0.18.0: ceu_R/B=0.980 mediana=2.0 faixa_p90-p10=40.8 saturacao=0.040 media=12.4 amostra=1980.
[00:09:09.895] Custo GPU do passe: media=1.109 ms minimo=1.021 ms pico=1.451 ms amostras=844 descartadas=0.
[00:09:19.890] Custo GPU do passe: media=1.104 ms minimo=0.985 ms pico=1.546 ms amostras=861 descartadas=0.
[00:09:29.874] Custo GPU do passe: media=1.026 ms minimo=0.947 ms pico=1.287 ms amostras=829 descartadas=0.
[00:09:31.513] Cena 0.18.0: ceu_R/B=0.952 mediana=0.0 faixa_p90-p10=5.0 saturacao=0.027 media=2.4 amostra=1980.
[00:09:39.867] Custo GPU do passe: media=1.054 ms minimo=0.948 ms pico=1.495 ms amostras=801 descartadas=0.
[00:09:49.860] Custo GPU do passe: media=1.095 ms minimo=0.954 ms pico=1.331 ms amostras=821 descartadas=0.
[00:09:59.856] Custo GPU do passe: media=1.081 ms minimo=0.992 ms pico=1.346 ms amostras=782 descartadas=0.
[00:10:01.542] Cena 0.18.0: ceu_R/B=0.986 mediana=5.0 faixa_p90-p10=38.0 saturacao=0.072 media=14.4 amostra=1980.
[00:10:09.854] Custo GPU do passe: media=1.104 ms minimo=0.992 ms pico=1.460 ms amostras=758 descartadas=0.
[00:10:19.858] Custo GPU do passe: media=1.076 ms minimo=0.993 ms pico=1.446 ms amostras=853 descartadas=0.
[00:10:29.858] Custo GPU do passe: media=1.074 ms minimo=0.998 ms pico=1.421 ms amostras=892 descartadas=0.
[00:10:31.818] Cena 0.18.0: ceu_R/B=0.923 mediana=4.0 faixa_p90-p10=43.7 saturacao=0.077 media=13.4 amostra=1980.
[00:10:39.859] Custo GPU do passe: media=1.103 ms minimo=1.000 ms pico=1.416 ms amostras=950 descartadas=0.
[00:10:49.860] Custo GPU do passe: media=1.080 ms minimo=0.960 ms pico=1.571 ms amostras=881 descartadas=0.
[00:10:59.865] Custo GPU do passe: media=1.024 ms minimo=0.945 ms pico=1.363 ms amostras=928 descartadas=0.
[00:11:01.982] Cena 0.18.0: ceu_R/B=0.835 mediana=5.0 faixa_p90-p10=39.1 saturacao=0.106 media=12.9 amostra=1980.
[00:11:09.865] Custo GPU do passe: media=1.076 ms minimo=0.973 ms pico=1.366 ms amostras=989 descartadas=0.
[00:11:19.867] Custo GPU do passe: media=1.124 ms minimo=0.998 ms pico=1.410 ms amostras=1095 descartadas=0.
[00:11:29.877] Custo GPU do passe: media=1.139 ms minimo=1.052 ms pico=1.358 ms amostras=1107 descartadas=0.
[00:11:32.046] Cena 0.18.0: ceu_R/B=0.890 mediana=2.0 faixa_p90-p10=32.0 saturacao=0.078 media=11.6 amostra=1980.
[00:11:39.897] Custo GPU do passe: media=1.122 ms minimo=1.009 ms pico=1.393 ms amostras=1087 descartadas=0.
[00:11:49.911] Custo GPU do passe: media=1.109 ms minimo=1.024 ms pico=1.510 ms amostras=950 descartadas=0.
[00:11:59.921] Custo GPU do passe: media=1.126 ms minimo=1.023 ms pico=1.534 ms amostras=992 descartadas=0.
[00:12:02.117] Cena 0.18.0: ceu_R/B=0.905 mediana=3.0 faixa_p90-p10=40.1 saturacao=0.083 media=11.6 amostra=1980.
[00:12:09.933] Custo GPU do passe: media=1.106 ms minimo=1.001 ms pico=2.041 ms amostras=957 descartadas=0.
[00:12:19.941] Custo GPU do passe: media=1.099 ms minimo=0.999 ms pico=2.077 ms amostras=890 descartadas=0.
[00:12:29.945] Custo GPU do passe: media=1.100 ms minimo=0.981 ms pico=1.411 ms amostras=845 descartadas=0.
[00:12:32.366] Cena 0.18.0: ceu_R/B=1.015 mediana=4.0 faixa_p90-p10=40.9 saturacao=0.082 media=14.1 amostra=1980.
[00:12:39.958] Custo GPU do passe: media=1.055 ms minimo=0.953 ms pico=1.415 ms amostras=861 descartadas=0.
[00:12:49.964] Custo GPU do passe: media=1.087 ms minimo=0.979 ms pico=1.403 ms amostras=952 descartadas=0.
[00:12:59.976] Custo GPU do passe: media=1.106 ms minimo=0.988 ms pico=1.519 ms amostras=942 descartadas=0.
[00:13:02.470] Cena 0.18.0: ceu_R/B=0.875 mediana=6.0 faixa_p90-p10=35.9 saturacao=0.102 media=12.4 amostra=1980.
[00:13:09.981] Custo GPU do passe: media=1.096 ms minimo=0.997 ms pico=1.439 ms amostras=939 descartadas=0.
[00:13:19.987] Custo GPU do passe: media=1.075 ms minimo=0.955 ms pico=1.409 ms amostras=867 descartadas=0.
[00:13:29.998] Custo GPU do passe: media=1.117 ms minimo=0.973 ms pico=1.541 ms amostras=882 descartadas=0.
[00:13:32.808] Cena 0.18.0: ceu_R/B=0.785 mediana=6.1 faixa_p90-p10=36.6 saturacao=0.136 media=13.3 amostra=1980.
[00:13:40.002] Custo GPU do passe: media=1.116 ms minimo=0.959 ms pico=1.714 ms amostras=850 descartadas=0.
[00:13:50.003] Custo GPU do passe: media=1.099 ms minimo=0.972 ms pico=1.457 ms amostras=861 descartadas=0.
[00:14:00.010] Custo GPU do passe: media=1.113 ms minimo=0.975 ms pico=1.495 ms amostras=927 descartadas=0.
[00:14:02.886] Cena 0.18.0: ceu_R/B=0.741 mediana=10.6 faixa_p90-p10=38.2 saturacao=0.172 media=16.4 amostra=1980.
[00:14:10.010] Custo GPU do passe: media=1.120 ms minimo=0.987 ms pico=1.586 ms amostras=991 descartadas=0.
[00:14:20.018] Custo GPU do passe: media=1.137 ms minimo=1.029 ms pico=1.357 ms amostras=1111 descartadas=0.
[00:14:30.019] Custo GPU do passe: media=1.112 ms minimo=0.979 ms pico=1.568 ms amostras=1071 descartadas=0.
[00:14:33.056] Cena 0.18.0: ceu_R/B=0.879 mediana=14.7 faixa_p90-p10=41.6 saturacao=0.230 media=18.8 amostra=1980.
[00:14:40.024] Custo GPU do passe: media=1.131 ms minimo=0.965 ms pico=2.269 ms amostras=1070 descartadas=0.
[00:14:50.034] Custo GPU do passe: media=1.082 ms minimo=0.978 ms pico=1.465 ms amostras=871 descartadas=0.
[00:15:00.044] Custo GPU do passe: media=1.117 ms minimo=0.984 ms pico=1.754 ms amostras=800 descartadas=0.
[00:15:03.316] Cena 0.18.0: ceu_R/B=0.929 mediana=15.9 faixa_p90-p10=46.9 saturacao=0.195 media=21.5 amostra=1980.
[00:15:10.056] Custo GPU do passe: media=1.130 ms minimo=1.022 ms pico=1.506 ms amostras=878 descartadas=0.
[00:15:20.060] Custo GPU do passe: media=1.112 ms minimo=0.972 ms pico=1.598 ms amostras=892 descartadas=0.
[00:15:30.061] Custo GPU do passe: media=1.093 ms minimo=0.991 ms pico=1.449 ms amostras=919 descartadas=0.
[00:15:33.452] Cena 0.18.0: ceu_R/B=1.394 mediana=14.3 faixa_p90-p10=76.0 saturacao=0.214 media=33.0 amostra=1980.
[00:15:40.068] Custo GPU do passe: media=1.110 ms minimo=0.978 ms pico=1.645 ms amostras=827 descartadas=0.
[00:15:50.070] Custo GPU do passe: media=1.100 ms minimo=0.959 ms pico=1.573 ms amostras=793 descartadas=0.
[00:16:00.074] Custo GPU do passe: media=1.121 ms minimo=0.983 ms pico=1.662 ms amostras=739 descartadas=0.
[00:16:03.801] Cena 0.18.0: ceu_R/B=1.099 mediana=16.6 faixa_p90-p10=62.8 saturacao=0.266 media=32.5 amostra=1980.
[00:16:10.088] Custo GPU do passe: media=1.150 ms minimo=0.981 ms pico=1.519 ms amostras=755 descartadas=0.
[00:16:20.088] Custo GPU do passe: media=1.167 ms minimo=0.978 ms pico=1.606 ms amostras=725 descartadas=0.
[00:16:30.104] Custo GPU do passe: media=1.105 ms minimo=0.969 ms pico=1.440 ms amostras=717 descartadas=0.
[00:16:33.925] Cena 0.18.0: ceu_R/B=1.143 mediana=33.1 faixa_p90-p10=166.6 saturacao=0.257 media=55.8 amostra=1980.
[00:16:40.108] Custo GPU do passe: media=1.071 ms minimo=0.961 ms pico=1.358 ms amostras=792 descartadas=0.
[00:16:50.117] Custo GPU do passe: media=1.081 ms minimo=0.973 ms pico=1.406 ms amostras=818 descartadas=0.
[00:17:00.125] Custo GPU do passe: media=1.110 ms minimo=0.971 ms pico=1.457 ms amostras=782 descartadas=0.
[00:17:03.968] Cena 0.18.0: ceu_R/B=1.076 mediana=47.6 faixa_p90-p10=138.7 saturacao=0.362 media=56.4 amostra=1980.
[00:17:10.136] Custo GPU do passe: media=1.098 ms minimo=0.971 ms pico=1.553 ms amostras=801 descartadas=0.
[00:17:20.146] Custo GPU do passe: media=1.083 ms minimo=0.972 ms pico=1.443 ms amostras=785 descartadas=0.
[00:17:30.150] Custo GPU do passe: media=1.096 ms minimo=0.960 ms pico=1.592 ms amostras=841 descartadas=0.
[00:17:34.224] Cena 0.18.0: ceu_R/B=1.053 mediana=26.8 faixa_p90-p10=195.7 saturacao=0.333 media=50.3 amostra=1980.
[00:17:40.160] Custo GPU do passe: media=1.155 ms minimo=0.971 ms pico=2.294 ms amostras=845 descartadas=0.
[00:17:50.168] Custo GPU do passe: media=1.065 ms minimo=0.958 ms pico=1.387 ms amostras=994 descartadas=0.
[00:18:00.172] Custo GPU do passe: media=1.110 ms minimo=0.978 ms pico=1.477 ms amostras=921 descartadas=0.
[00:18:04.430] Cena 0.18.0: ceu_R/B=1.000 mediana=46.3 faixa_p90-p10=165.2 saturacao=0.359 media=59.2 amostra=1980.
[00:18:10.181] Custo GPU do passe: media=1.077 ms minimo=0.980 ms pico=1.441 ms amostras=820 descartadas=0.
[00:18:20.188] Custo GPU do passe: media=1.148 ms minimo=0.984 ms pico=1.575 ms amostras=765 descartadas=0.
[00:18:30.190] Custo GPU do passe: media=1.182 ms minimo=0.987 ms pico=1.707 ms amostras=777 descartadas=0.
[00:18:34.683] Cena 0.18.0: ceu_R/B=0.980 mediana=56.0 faixa_p90-p10=206.4 saturacao=0.332 media=76.9 amostra=1980.
[00:18:40.195] Custo GPU do passe: media=1.138 ms minimo=0.978 ms pico=1.701 ms amostras=773 descartadas=0.
[00:18:50.196] Custo GPU do passe: media=1.157 ms minimo=0.970 ms pico=1.598 ms amostras=713 descartadas=0.
[00:19:00.196] Custo GPU do passe: media=1.165 ms minimo=0.986 ms pico=1.539 ms amostras=741 descartadas=0.
[00:19:04.777] Cena 0.18.0: ceu_R/B=1.205 mediana=53.1 faixa_p90-p10=104.8 saturacao=0.368 media=58.7 amostra=1980.
[00:19:10.202] Custo GPU do passe: media=1.149 ms minimo=1.016 ms pico=1.709 ms amostras=828 descartadas=0.
[00:19:20.202] Custo GPU do passe: media=1.109 ms minimo=1.013 ms pico=1.457 ms amostras=892 descartadas=0.
[00:19:30.203] Custo GPU do passe: media=1.121 ms minimo=1.012 ms pico=1.495 ms amostras=915 descartadas=0.
[00:19:35.021] Cena 0.18.0: ceu_R/B=0.948 mediana=60.5 faixa_p90-p10=108.3 saturacao=0.324 media=62.4 amostra=1980.
[00:19:40.213] Custo GPU do passe: media=1.117 ms minimo=1.004 ms pico=1.491 ms amostras=935 descartadas=0.
[00:19:50.219] Custo GPU do passe: media=1.082 ms minimo=0.964 ms pico=1.495 ms amostras=911 descartadas=0.
[00:20:00.227] Custo GPU do passe: media=1.074 ms minimo=0.981 ms pico=1.373 ms amostras=1052 descartadas=0.
[00:20:05.266] Cena 0.18.0: ceu_R/B=1.107 mediana=51.1 faixa_p90-p10=204.9 saturacao=0.267 media=73.3 amostra=1980.
[00:20:10.234] Custo GPU do passe: media=1.114 ms minimo=0.970 ms pico=2.101 ms amostras=896 descartadas=0.
[00:20:20.238] Custo GPU do passe: media=1.126 ms minimo=0.956 ms pico=1.672 ms amostras=790 descartadas=0.
[00:20:30.240] Custo GPU do passe: media=1.084 ms minimo=0.970 ms pico=2.003 ms amostras=883 descartadas=0.
[00:20:35.286] Cena 0.18.0: ceu_R/B=1.107 mediana=60.6 faixa_p90-p10=172.1 saturacao=0.285 media=70.8 amostra=1980.
[00:20:40.251] Custo GPU do passe: media=1.117 ms minimo=0.985 ms pico=1.527 ms amostras=898 descartadas=0.
[00:20:50.252] Custo GPU do passe: media=1.142 ms minimo=0.992 ms pico=1.623 ms amostras=885 descartadas=0.
[00:21:00.259] Custo GPU do passe: media=1.127 ms minimo=1.005 ms pico=1.509 ms amostras=864 descartadas=0.
[00:21:05.620] Cena 0.18.0: ceu_R/B=1.078 mediana=74.5 faixa_p90-p10=120.7 saturacao=0.316 media=70.3 amostra=1980.
[00:21:10.270] Custo GPU do passe: media=1.122 ms minimo=1.005 ms pico=1.673 ms amostras=894 descartadas=0.
[00:21:20.272] Custo GPU do passe: media=1.114 ms minimo=1.000 ms pico=1.532 ms amostras=992 descartadas=0.
[00:21:30.276] Custo GPU do passe: media=1.146 ms minimo=1.037 ms pico=1.500 ms amostras=1071 descartadas=0.
[00:21:35.827] Cena 0.18.0: ceu_R/B=1.021 mediana=42.9 faixa_p90-p10=106.0 saturacao=0.258 media=55.1 amostra=1980.
[00:21:40.281] Custo GPU do passe: media=1.107 ms minimo=0.988 ms pico=1.468 ms amostras=1043 descartadas=0.
[00:21:50.284] Custo GPU do passe: media=1.109 ms minimo=0.978 ms pico=1.423 ms amostras=1065 descartadas=0.
[00:22:00.284] Custo GPU do passe: media=1.154 ms minimo=1.032 ms pico=1.480 ms amostras=1106 descartadas=0.
[00:22:05.866] Cena 0.18.0: ceu_R/B=0.956 mediana=52.7 faixa_p90-p10=119.2 saturacao=0.298 media=65.2 amostra=1980.
[00:22:10.286] Custo GPU do passe: media=1.119 ms minimo=0.993 ms pico=1.490 ms amostras=1052 descartadas=0.
[00:22:20.288] Custo GPU do passe: media=1.109 ms minimo=0.986 ms pico=1.618 ms amostras=947 descartadas=0.
[00:22:30.296] Custo GPU do passe: media=1.188 ms minimo=0.974 ms pico=1.729 ms amostras=760 descartadas=0.
[00:22:36.145] Cena 0.18.0: ceu_R/B=0.892 mediana=68.8 faixa_p90-p10=164.2 saturacao=0.213 media=77.1 amostra=1980.
[00:22:40.301] Custo GPU do passe: media=1.120 ms minimo=0.977 ms pico=1.602 ms amostras=778 descartadas=0.
[00:22:50.303] Custo GPU do passe: media=1.164 ms minimo=1.003 ms pico=1.537 ms amostras=780 descartadas=0.
[00:23:00.306] Custo GPU do passe: media=1.144 ms minimo=0.972 ms pico=1.577 ms amostras=774 descartadas=0.
[00:23:06.301] Cena 0.18.0: ceu_R/B=0.929 mediana=59.5 faixa_p90-p10=149.0 saturacao=0.221 media=71.6 amostra=1980.
[00:23:10.310] Custo GPU do passe: media=1.062 ms minimo=0.950 ms pico=1.368 ms amostras=782 descartadas=0.
[00:23:20.318] Custo GPU do passe: media=1.013 ms minimo=0.839 ms pico=1.378 ms amostras=805 descartadas=0.
[00:23:30.322] Custo GPU do passe: media=1.040 ms minimo=0.839 ms pico=1.521 ms amostras=837 descartadas=0.
[00:23:36.502] Cena 0.18.0: ceu_R/B=0.849 mediana=62.1 faixa_p90-p10=133.5 saturacao=0.212 media=72.5 amostra=1980.
[00:23:40.335] Custo GPU do passe: media=1.111 ms minimo=1.006 ms pico=1.544 ms amostras=822 descartadas=0.
[00:23:50.340] Custo GPU do passe: media=1.109 ms minimo=1.003 ms pico=1.561 ms amostras=834 descartadas=0.
[00:24:00.349] Custo GPU do passe: media=1.114 ms minimo=0.991 ms pico=1.663 ms amostras=913 descartadas=0.
[00:24:06.593] Cena 0.18.0: ceu_R/B=0.847 mediana=62.3 faixa_p90-p10=140.9 saturacao=0.205 media=71.3 amostra=1980.
[00:24:10.358] Custo GPU do passe: media=1.134 ms minimo=0.984 ms pico=1.617 ms amostras=872 descartadas=0.
[00:24:20.361] Custo GPU do passe: media=1.114 ms minimo=1.017 ms pico=1.501 ms amostras=924 descartadas=0.
[00:24:30.369] Custo GPU do passe: media=1.117 ms minimo=1.012 ms pico=1.540 ms amostras=975 descartadas=0.
[00:24:36.845] Cena 0.18.0: ceu_R/B=0.850 mediana=81.5 faixa_p90-p10=158.2 saturacao=0.259 media=87.5 amostra=1980.
[00:24:40.375] Custo GPU do passe: media=1.137 ms minimo=1.013 ms pico=1.449 ms amostras=1010 descartadas=0.
[00:24:50.375] Custo GPU do passe: media=1.106 ms minimo=0.993 ms pico=1.469 ms amostras=856 descartadas=0.
[00:25:00.386] Custo GPU do passe: media=0.975 ms minimo=0.843 ms pico=1.320 ms amostras=781 descartadas=0.
[00:25:07.168] Cena 0.18.0: ceu_R/B=0.875 mediana=54.1 faixa_p90-p10=119.5 saturacao=0.292 media=63.1 amostra=1980.
[00:25:10.393] Custo GPU do passe: media=1.119 ms minimo=0.962 ms pico=1.510 ms amostras=794 descartadas=0.
[00:25:20.402] Custo GPU do passe: media=1.145 ms minimo=1.017 ms pico=1.596 ms amostras=846 descartadas=0.
[00:25:30.404] Custo GPU do passe: media=1.133 ms minimo=1.036 ms pico=1.471 ms amostras=959 descartadas=0.
[00:25:37.509] Cena 0.18.0: ceu_R/B=0.792 mediana=67.2 faixa_p90-p10=144.0 saturacao=0.222 media=74.4 amostra=1980.
[00:25:40.405] Custo GPU do passe: media=1.117 ms minimo=0.990 ms pico=1.540 ms amostras=919 descartadas=0.
[00:25:50.415] Custo GPU do passe: media=1.089 ms minimo=0.976 ms pico=1.577 ms amostras=889 descartadas=0.
[00:26:00.423] Custo GPU do passe: media=1.114 ms minimo=1.016 ms pico=1.424 ms amostras=919 descartadas=0.
[00:26:07.723] Cena 0.18.0: ceu_R/B=0.770 mediana=55.8 faixa_p90-p10=141.2 saturacao=0.240 media=70.6 amostra=1980.
[00:26:10.435] Custo GPU do passe: media=1.104 ms minimo=0.994 ms pico=1.498 ms amostras=892 descartadas=0.
[00:26:20.440] Custo GPU do passe: media=1.109 ms minimo=0.976 ms pico=1.557 ms amostras=859 descartadas=0.
[00:26:30.443] Custo GPU do passe: media=1.100 ms minimo=0.981 ms pico=1.382 ms amostras=887 descartadas=0.
[00:26:37.780] Cena 0.18.0: ceu_R/B=0.773 mediana=58.8 faixa_p90-p10=141.9 saturacao=0.236 media=70.1 amostra=1980.
[00:26:40.438] Custo GPU do passe: media=1.104 ms minimo=1.014 ms pico=1.444 ms amostras=987 descartadas=0.
[00:26:50.443] Custo GPU do passe: media=1.147 ms minimo=0.998 ms pico=1.611 ms amostras=890 descartadas=0.
[00:27:00.441] Custo GPU do passe: media=1.152 ms minimo=1.002 ms pico=1.612 ms amostras=814 descartadas=0.
[00:27:07.774] Cena 0.18.0: ceu_R/B=0.781 mediana=55.4 faixa_p90-p10=126.4 saturacao=0.261 media=66.2 amostra=1980.
[00:27:10.440] Custo GPU do passe: media=1.129 ms minimo=1.010 ms pico=1.472 ms amostras=822 descartadas=0.
[00:27:20.436] Custo GPU do passe: media=1.128 ms minimo=0.987 ms pico=2.060 ms amostras=814 descartadas=0.
[00:27:30.436] Custo GPU do passe: media=1.108 ms minimo=0.952 ms pico=1.671 ms amostras=912 descartadas=0.
[00:27:37.993] Cena 0.18.0: ceu_R/B=0.943 mediana=62.7 faixa_p90-p10=144.3 saturacao=0.279 media=75.3 amostra=1980.
[00:27:40.440] Custo GPU do passe: media=1.090 ms minimo=0.975 ms pico=1.451 ms amostras=1028 descartadas=0.
[00:27:50.444] Custo GPU do passe: media=1.102 ms minimo=0.981 ms pico=1.492 ms amostras=910 descartadas=0.
[00:28:00.445] Custo GPU do passe: media=1.130 ms minimo=0.997 ms pico=1.781 ms amostras=900 descartadas=0.
[00:28:08.338] Cena 0.18.0: ceu_R/B=0.779 mediana=98.0 faixa_p90-p10=149.7 saturacao=0.210 media=91.7 amostra=1980.
[00:28:10.442] Custo GPU do passe: media=1.105 ms minimo=1.008 ms pico=1.411 ms amostras=894 descartadas=0.
[00:28:20.447] Custo GPU do passe: media=1.092 ms minimo=0.970 ms pico=1.482 ms amostras=977 descartadas=0.
[00:28:30.454] Custo GPU do passe: media=1.098 ms minimo=0.976 ms pico=1.464 ms amostras=1009 descartadas=0.
[00:28:38.417] Cena 0.18.0: ceu_R/B=0.826 mediana=64.8 faixa_p90-p10=143.3 saturacao=0.297 media=76.8 amostra=1980.
[00:28:40.461] Custo GPU do passe: media=1.101 ms minimo=0.990 ms pico=1.471 ms amostras=935 descartadas=0.
[00:28:50.464] Custo GPU do passe: media=1.101 ms minimo=0.986 ms pico=1.519 ms amostras=904 descartadas=0.
[00:29:00.471] Custo GPU do passe: media=1.092 ms minimo=0.976 ms pico=1.468 ms amostras=990 descartadas=0.
[00:29:08.663] Cena 0.18.0: ceu_R/B=0.852 mediana=80.6 faixa_p90-p10=146.0 saturacao=0.281 media=81.5 amostra=1980.
[00:29:10.470] Custo GPU do passe: media=1.117 ms minimo=1.001 ms pico=1.534 ms amostras=886 descartadas=0.
[00:29:20.477] Custo GPU do passe: media=1.095 ms minimo=0.988 ms pico=1.575 ms amostras=884 descartadas=0.
[00:29:30.483] Custo GPU do passe: media=1.098 ms minimo=0.965 ms pico=1.450 ms amostras=892 descartadas=0.
[00:29:38.989] Cena 0.18.0: ceu_R/B=0.760 mediana=78.5 faixa_p90-p10=153.0 saturacao=0.266 media=81.2 amostra=1980.
[00:29:40.484] Custo GPU do passe: media=1.124 ms minimo=0.994 ms pico=1.913 ms amostras=862 descartadas=0.
[00:29:50.487] Custo GPU do passe: media=1.074 ms minimo=0.989 ms pico=1.434 ms amostras=840 descartadas=0.
[00:30:00.485] Custo GPU do passe: media=1.121 ms minimo=1.015 ms pico=2.040 ms amostras=794 descartadas=0.
[00:30:09.311] Cena 0.18.0: ceu_R/B=0.778 mediana=55.3 faixa_p90-p10=128.4 saturacao=0.274 media=69.9 amostra=1980.
[00:30:10.487] Custo GPU do passe: media=1.120 ms minimo=1.006 ms pico=1.539 ms amostras=876 descartadas=0.
[00:30:20.490] Custo GPU do passe: media=1.107 ms minimo=1.010 ms pico=1.515 ms amostras=891 descartadas=0.
[00:30:30.500] Custo GPU do passe: media=1.112 ms minimo=0.996 ms pico=1.476 ms amostras=858 descartadas=0.
[00:30:39.490] Cena 0.18.0: ceu_R/B=0.869 mediana=63.3 faixa_p90-p10=124.3 saturacao=0.265 media=69.7 amostra=1980.
[00:30:40.500] Custo GPU do passe: media=1.110 ms minimo=1.002 ms pico=1.489 ms amostras=836 descartadas=0.
[00:30:50.507] Custo GPU do passe: media=1.134 ms minimo=1.013 ms pico=1.533 ms amostras=803 descartadas=0.
[00:31:00.508] Custo GPU do passe: media=1.124 ms minimo=1.008 ms pico=1.441 ms amostras=866 descartadas=0.
[00:31:09.534] Cena 0.18.0: ceu_R/B=0.967 mediana=56.1 faixa_p90-p10=111.6 saturacao=0.272 media=61.6 amostra=1980.
[00:31:10.517] Custo GPU do passe: media=1.146 ms minimo=1.031 ms pico=1.429 ms amostras=924 descartadas=0.
[00:31:20.519] Custo GPU do passe: media=1.152 ms minimo=0.999 ms pico=1.572 ms amostras=1036 descartadas=0.
[00:31:30.520] Custo GPU do passe: media=1.082 ms minimo=0.978 ms pico=1.357 ms amostras=965 descartadas=0.
[00:31:39.592] Cena 0.18.0: ceu_R/B=0.907 mediana=75.1 faixa_p90-p10=122.2 saturacao=0.248 media=73.0 amostra=1980.
[00:31:40.519] Custo GPU do passe: media=1.116 ms minimo=0.986 ms pico=1.682 ms amostras=952 descartadas=0.
[00:31:50.523] Custo GPU do passe: media=1.130 ms minimo=0.971 ms pico=1.665 ms amostras=864 descartadas=0.
[00:32:00.524] Custo GPU do passe: media=1.121 ms minimo=0.990 ms pico=1.811 ms amostras=794 descartadas=0.
[00:32:09.735] Cena 0.18.0: ceu_R/B=0.932 mediana=53.1 faixa_p90-p10=115.3 saturacao=0.229 media=62.3 amostra=1980.
[00:32:10.535] Custo GPU do passe: media=1.120 ms minimo=0.993 ms pico=1.573 ms amostras=748 descartadas=0.
[00:32:20.539] Custo GPU do passe: media=1.133 ms minimo=0.970 ms pico=1.532 ms amostras=774 descartadas=0.
[00:32:30.539] Custo GPU do passe: media=1.142 ms minimo=0.967 ms pico=1.822 ms amostras=802 descartadas=0.
[00:32:39.980] Cena 0.18.0: ceu_R/B=0.935 mediana=60.9 faixa_p90-p10=115.8 saturacao=0.198 media=65.8 amostra=1980.
[00:32:40.540] Custo GPU do passe: media=1.152 ms minimo=0.993 ms pico=2.271 ms amostras=816 descartadas=0.
[00:32:50.542] Custo GPU do passe: media=1.129 ms minimo=1.003 ms pico=1.559 ms amostras=897 descartadas=0.
[00:33:00.542] Custo GPU do passe: media=1.147 ms minimo=1.018 ms pico=2.072 ms amostras=914 descartadas=0.
[00:33:10.134] Cena 0.18.0: ceu_R/B=0.896 mediana=55.0 faixa_p90-p10=158.1 saturacao=0.195 media=69.1 amostra=1980.
[00:33:10.549] Custo GPU do passe: media=1.114 ms minimo=0.994 ms pico=1.531 ms amostras=875 descartadas=0.
[00:33:20.553] Custo GPU do passe: media=1.135 ms minimo=0.986 ms pico=1.701 ms amostras=805 descartadas=0.
[00:33:30.554] Custo GPU do passe: media=1.181 ms minimo=0.978 ms pico=1.659 ms amostras=806 descartadas=0.
[00:33:40.240] Cena 0.18.0: ceu_R/B=0.909 mediana=64.0 faixa_p90-p10=116.2 saturacao=0.234 media=67.6 amostra=1980.
[00:33:40.565] Custo GPU do passe: media=1.152 ms minimo=0.981 ms pico=2.112 ms amostras=774 descartadas=0.
[00:33:50.578] Custo GPU do passe: media=1.264 ms minimo=0.978 ms pico=2.644 ms amostras=617 descartadas=0.
[00:34:00.592] Custo GPU do passe: media=1.266 ms minimo=0.965 ms pico=2.235 ms amostras=652 descartadas=0.
[00:34:10.328] Cena 0.18.0: ceu_R/B=0.868 mediana=74.4 faixa_p90-p10=154.7 saturacao=0.222 media=82.4 amostra=1980.
[00:34:10.591] Custo GPU do passe: media=1.268 ms minimo=0.974 ms pico=1.817 ms amostras=646 descartadas=0.
[00:34:20.598] Custo GPU do passe: media=1.317 ms minimo=1.003 ms pico=1.748 ms amostras=609 descartadas=0.
[00:34:30.610] Custo GPU do passe: media=1.223 ms minimo=0.977 ms pico=1.633 ms amostras=659 descartadas=0.
[00:34:40.621] Custo GPU do passe: media=1.297 ms minimo=0.984 ms pico=1.928 ms amostras=693 descartadas=0.
[00:34:40.661] Cena 0.18.0: ceu_R/B=0.927 mediana=101.9 faixa_p90-p10=142.5 saturacao=0.218 media=84.9 amostra=1980.
[00:34:50.628] Custo GPU do passe: media=1.185 ms minimo=1.014 ms pico=1.525 ms amostras=744 descartadas=0.
[00:35:00.642] Custo GPU do passe: media=1.128 ms minimo=0.948 ms pico=1.541 ms amostras=753 descartadas=0.
[00:35:10.660] Custo GPU do passe: media=1.129 ms minimo=0.923 ms pico=1.568 ms amostras=718 descartadas=0.
[00:35:10.777] Cena 0.18.0: ceu_R/B=0.872 mediana=78.5 faixa_p90-p10=170.1 saturacao=0.233 media=81.7 amostra=1980.
[00:35:20.664] Custo GPU do passe: media=1.197 ms minimo=0.974 ms pico=1.687 ms amostras=689 descartadas=0.
[00:35:30.677] Custo GPU do passe: media=1.219 ms minimo=0.974 ms pico=1.698 ms amostras=706 descartadas=0.
[00:35:40.687] Custo GPU do passe: media=1.339 ms minimo=0.999 ms pico=1.833 ms amostras=658 descartadas=0.
[00:35:41.059] Cena 0.18.0: ceu_R/B=0.883 mediana=104.2 faixa_p90-p10=199.1 saturacao=0.238 media=99.2 amostra=1980.
[00:35:50.704] Custo GPU do passe: media=1.280 ms minimo=0.973 ms pico=1.813 ms amostras=700 descartadas=0.
[00:36:00.718] Custo GPU do passe: media=1.190 ms minimo=0.961 ms pico=1.732 ms amostras=714 descartadas=0.
[00:36:10.726] Custo GPU do passe: media=1.186 ms minimo=0.992 ms pico=1.528 ms amostras=730 descartadas=0.
[00:36:11.296] Cena 0.18.0: ceu_R/B=0.996 mediana=78.7 faixa_p90-p10=200.8 saturacao=0.209 media=89.8 amostra=1980.
[00:36:20.728] Custo GPU do passe: media=1.207 ms minimo=0.980 ms pico=1.739 ms amostras=746 descartadas=0.
[00:36:30.742] Custo GPU do passe: media=1.073 ms minimo=0.800 ms pico=1.436 ms amostras=731 descartadas=0.
[00:36:40.755] Custo GPU do passe: media=1.126 ms minimo=0.984 ms pico=1.586 ms amostras=722 descartadas=0.
[00:36:41.644] Cena 0.18.0: ceu_R/B=0.819 mediana=96.1 faixa_p90-p10=197.9 saturacao=0.224 media=98.1 amostra=1980.
[00:36:50.770] Custo GPU do passe: media=1.194 ms minimo=0.980 ms pico=1.632 ms amostras=719 descartadas=0.
[00:37:00.777] Custo GPU do passe: media=1.161 ms minimo=0.992 ms pico=1.577 ms amostras=723 descartadas=0.
[00:37:10.786] Custo GPU do passe: media=1.148 ms minimo=0.987 ms pico=1.523 ms amostras=746 descartadas=0.
[00:37:11.966] Cena 0.18.0: ceu_R/B=0.836 mediana=100.7 faixa_p90-p10=205.0 saturacao=0.220 media=102.5 amostra=1980.
[00:37:20.791] Custo GPU do passe: media=1.144 ms minimo=0.987 ms pico=1.549 ms amostras=820 descartadas=0.
[00:37:30.801] Custo GPU do passe: media=1.158 ms minimo=0.973 ms pico=1.643 ms amostras=812 descartadas=0.
[00:37:40.805] Custo GPU do passe: media=1.104 ms minimo=1.008 ms pico=1.571 ms amostras=843 descartadas=0.
[00:37:42.142] Cena 0.18.0: ceu_R/B=0.997 mediana=60.1 faixa_p90-p10=202.3 saturacao=0.249 media=85.3 amostra=1980.
[00:37:50.813] Custo GPU do passe: media=1.121 ms minimo=0.987 ms pico=1.449 ms amostras=848 descartadas=0.
[00:38:00.824] Custo GPU do passe: media=1.124 ms minimo=0.987 ms pico=1.579 ms amostras=898 descartadas=0.
[00:38:10.831] Custo GPU do passe: media=1.117 ms minimo=1.010 ms pico=1.481 ms amostras=891 descartadas=0.
[00:38:12.379] Cena 0.18.0: ceu_R/B=0.848 mediana=74.0 faixa_p90-p10=166.3 saturacao=0.266 media=86.5 amostra=1980.
[00:38:20.840] Custo GPU do passe: media=1.150 ms minimo=0.989 ms pico=2.173 ms amostras=807 descartadas=0.
[00:38:30.853] Custo GPU do passe: media=1.150 ms minimo=0.998 ms pico=1.629 ms amostras=832 descartadas=0.
[00:38:40.865] Custo GPU do passe: media=1.136 ms minimo=0.997 ms pico=2.153 ms amostras=800 descartadas=0.
[00:38:42.516] Cena 0.18.0: ceu_R/B=0.883 mediana=86.7 faixa_p90-p10=171.9 saturacao=0.217 media=86.5 amostra=1980.
[00:38:50.878] Custo GPU do passe: media=1.107 ms minimo=0.984 ms pico=1.511 ms amostras=837 descartadas=0.
[00:39:00.885] Custo GPU do passe: media=1.205 ms minimo=0.977 ms pico=1.721 ms amostras=758 descartadas=0.
[00:39:10.895] Custo GPU do passe: media=1.233 ms minimo=0.972 ms pico=1.770 ms amostras=724 descartadas=0.
[00:39:12.627] Cena 0.18.0: ceu_R/B=0.884 mediana=84.1 faixa_p90-p10=148.9 saturacao=0.212 media=81.2 amostra=1980.
[00:39:20.906] Custo GPU do passe: media=1.180 ms minimo=1.002 ms pico=1.752 ms amostras=742 descartadas=0.
[00:39:30.914] Custo GPU do passe: media=1.112 ms minimo=0.983 ms pico=1.587 ms amostras=864 descartadas=0.
[00:39:40.919] Custo GPU do passe: media=1.104 ms minimo=0.941 ms pico=1.716 ms amostras=938 descartadas=0.
[00:39:42.841] Cena 0.18.0: ceu_R/B=0.852 mediana=88.3 faixa_p90-p10=210.9 saturacao=0.199 media=90.8 amostra=1980.
[00:39:50.926] Custo GPU do passe: media=1.132 ms minimo=0.945 ms pico=1.505 ms amostras=761 descartadas=0.
[00:40:00.931] Custo GPU do passe: media=1.358 ms minimo=1.008 ms pico=1.832 ms amostras=619 descartadas=0.
[00:40:10.942] Custo GPU do passe: media=1.404 ms minimo=1.020 ms pico=1.884 ms amostras=621 descartadas=0.
[00:40:13.144] Cena 0.18.0: ceu_R/B=0.881 mediana=75.4 faixa_p90-p10=183.4 saturacao=0.223 media=81.6 amostra=1980.
[00:40:20.953] Custo GPU do passe: media=1.313 ms minimo=0.992 ms pico=1.886 ms amostras=655 descartadas=0.
[00:40:30.955] Custo GPU do passe: media=1.260 ms minimo=0.981 ms pico=1.769 ms amostras=679 descartadas=0.
[00:40:40.964] Custo GPU do passe: media=1.285 ms minimo=0.987 ms pico=1.839 ms amostras=678 descartadas=0.
[00:40:43.484] Cena 0.18.0: ceu_R/B=0.872 mediana=88.2 faixa_p90-p10=162.2 saturacao=0.205 media=83.2 amostra=1980.
[00:40:50.971] Custo GPU do passe: media=1.281 ms minimo=0.992 ms pico=2.304 ms amostras=665 descartadas=0.
[00:41:00.977] Custo GPU do passe: media=1.189 ms minimo=0.984 ms pico=1.703 ms amostras=714 descartadas=0.
[00:41:10.983] Custo GPU do passe: media=1.300 ms minimo=0.968 ms pico=1.936 ms amostras=667 descartadas=0.
[00:41:13.785] Cena 0.18.0: ceu_R/B=0.850 mediana=60.4 faixa_p90-p10=127.5 saturacao=0.238 media=71.7 amostra=1980.
[00:41:20.989] Custo GPU do passe: media=1.360 ms minimo=1.005 ms pico=1.807 ms amostras=682 descartadas=0.
[00:41:30.995] Custo GPU do passe: media=1.199 ms minimo=1.008 ms pico=1.639 ms amostras=718 descartadas=0.
[00:41:41.001] Custo GPU do passe: media=1.155 ms minimo=0.961 ms pico=1.505 ms amostras=764 descartadas=0.
[00:41:44.152] Cena 0.18.0: ceu_R/B=0.835 mediana=80.8 faixa_p90-p10=170.1 saturacao=0.226 media=79.2 amostra=1980.
[00:41:51.009] Custo GPU do passe: media=1.159 ms minimo=0.964 ms pico=1.624 ms amostras=797 descartadas=0.
[00:42:01.022] Custo GPU do passe: media=1.130 ms minimo=0.940 ms pico=1.558 ms amostras=790 descartadas=0.
[00:42:11.028] Custo GPU do passe: media=1.240 ms minimo=0.958 ms pico=1.670 ms amostras=691 descartadas=0.
[00:42:14.196] Cena 0.18.0: ceu_R/B=0.870 mediana=79.0 faixa_p90-p10=128.8 saturacao=0.213 media=74.7 amostra=1980.
[00:42:21.030] Custo GPU do passe: media=1.310 ms minimo=0.962 ms pico=1.763 ms amostras=677 descartadas=0.
[00:42:31.038] Custo GPU do passe: media=1.306 ms minimo=0.962 ms pico=2.066 ms amostras=680 descartadas=0.
[00:42:41.045] Custo GPU do passe: media=1.187 ms minimo=0.953 ms pico=2.440 ms amostras=954 descartadas=0.
[00:42:44.366] Cena 0.18.0: ceu_R/B=0.846 mediana=88.2 faixa_p90-p10=167.2 saturacao=0.202 media=115.2 amostra=1980.
[00:42:51.050] Custo GPU do passe: media=1.838 ms minimo=1.006 ms pico=3.946 ms amostras=1196 descartadas=0.
[00:43:01.052] Custo GPU do passe: media=2.361 ms minimo=1.257 ms pico=3.289 ms amostras=1207 descartadas=0.
[00:43:11.052] Custo GPU do passe: media=2.100 ms minimo=1.559 ms pico=2.472 ms amostras=1200 descartadas=0.
[00:43:14.594] Cena 0.18.0: ceu_R/B=1.009 mediana=69.4 faixa_p90-p10=104.2 saturacao=0.064 media=80.4 amostra=1980.
[00:43:21.060] Custo GPU do passe: media=1.738 ms minimo=1.232 ms pico=2.371 ms amostras=1201 descartadas=0.
[00:43:31.074] Custo GPU do passe: media=2.278 ms minimo=1.374 ms pico=3.040 ms amostras=440 descartadas=0.
[00:43:41.069] Custo GPU do passe: media=2.959 ms minimo=2.256 ms pico=3.267 ms amostras=300 descartadas=0.
[00:43:45.533] Cena 0.18.0: ceu_R/B=1.004 mediana=68.7 faixa_p90-p10=115.5 saturacao=0.075 media=84.6 amostra=1980.
[00:43:51.063] Custo GPU do passe: media=3.160 ms minimo=2.935 ms pico=3.730 ms amostras=300 descartadas=0.
[00:44:01.059] Custo GPU do passe: media=3.160 ms minimo=2.428 ms pico=3.444 ms amostras=300 descartadas=0.
[00:44:11.054] Custo GPU do passe: media=2.583 ms minimo=2.188 ms pico=2.936 ms amostras=300 descartadas=0.
[00:44:15.519] Cena 0.18.0: ceu_R/B=0.987 mediana=79.9 faixa_p90-p10=108.8 saturacao=0.061 media=85.2 amostra=1980.
[00:44:21.050] Custo GPU do passe: media=2.553 ms minimo=2.226 ms pico=2.757 ms amostras=300 descartadas=0.
[00:44:31.079] Custo GPU do passe: media=2.946 ms minimo=2.520 ms pico=3.274 ms amostras=301 descartadas=0.
[00:44:41.076] Custo GPU do passe: media=3.137 ms minimo=2.768 ms pico=3.833 ms amostras=300 descartadas=0.
[00:44:45.508] Cena 0.18.0: ceu_R/B=1.003 mediana=146.7 faixa_p90-p10=128.2 saturacao=0.075 media=136.6 amostra=1980.
[00:44:51.072] Custo GPU do passe: media=2.939 ms minimo=2.616 ms pico=3.265 ms amostras=300 descartadas=0.
[00:45:01.069] Custo GPU do passe: media=3.137 ms minimo=2.872 ms pico=3.338 ms amostras=300 descartadas=0.
[00:45:11.066] Custo GPU do passe: media=3.199 ms minimo=2.939 ms pico=3.376 ms amostras=300 descartadas=0.
[00:45:16.498] Cena 0.18.0: ceu_R/B=1.002 mediana=80.0 faixa_p90-p10=113.5 saturacao=0.058 media=93.2 amostra=1980.
[00:45:21.097] Custo GPU do passe: media=2.601 ms minimo=2.060 ms pico=3.394 ms amostras=301 descartadas=0.
[00:45:31.095] Custo GPU do passe: media=2.405 ms minimo=2.101 ms pico=2.770 ms amostras=300 descartadas=0.
[00:45:41.092] Custo GPU do passe: media=2.722 ms minimo=2.358 ms pico=3.425 ms amostras=300 descartadas=0.
[00:45:47.491] Cena 0.18.0: ceu_R/B=1.002 mediana=75.4 faixa_p90-p10=111.1 saturacao=0.067 media=94.4 amostra=1980.
[00:45:51.090] Custo GPU do passe: media=3.178 ms minimo=2.828 ms pico=3.519 ms amostras=300 descartadas=0.
[00:46:01.121] Custo GPU do passe: media=3.137 ms minimo=2.920 ms pico=3.339 ms amostras=301 descartadas=0.
[00:46:11.119] Custo GPU do passe: media=2.823 ms minimo=2.342 ms pico=3.377 ms amostras=300 descartadas=0.
[00:46:17.485] Cena 0.18.0: ceu_R/B=0.987 mediana=76.9 faixa_p90-p10=108.1 saturacao=0.064 media=84.2 amostra=1980.
[00:46:21.118] Custo GPU do passe: media=2.654 ms minimo=2.281 ms pico=2.905 ms amostras=300 descartadas=0.
[00:46:31.149] Custo GPU do passe: media=2.614 ms minimo=2.287 ms pico=3.121 ms amostras=301 descartadas=0.
[00:46:41.181] Custo GPU do passe: media=3.030 ms minimo=2.821 ms pico=3.185 ms amostras=301 descartadas=0.
[00:46:48.480] Cena 0.18.0: ceu_R/B=1.002 mediana=146.9 faixa_p90-p10=128.1 saturacao=0.075 media=136.7 amostra=1980.
[00:46:51.180] Custo GPU do passe: media=3.089 ms minimo=2.800 ms pico=3.358 ms amostras=300 descartadas=0.
[00:47:01.212] Custo GPU do passe: media=3.076 ms minimo=2.807 ms pico=3.453 ms amostras=301 descartadas=0.
[00:47:11.210] Custo GPU do passe: media=3.092 ms minimo=2.912 ms pico=3.241 ms amostras=300 descartadas=0.
[00:47:18.476] Cena 0.18.0: ceu_R/B=1.000 mediana=70.3 faixa_p90-p10=107.3 saturacao=0.062 media=91.4 amostra=1980.
[00:47:21.209] Custo GPU do passe: media=3.032 ms minimo=2.111 ms pico=3.297 ms amostras=300 descartadas=0.
[00:47:31.208] Custo GPU do passe: media=2.377 ms minimo=2.001 ms pico=2.653 ms amostras=300 descartadas=0.
[00:47:41.240] Custo GPU do passe: media=2.540 ms minimo=2.329 ms pico=2.806 ms amostras=301 descartadas=0.
[00:47:49.473] Cena 0.18.0: ceu_R/B=1.005 mediana=76.6 faixa_p90-p10=112.6 saturacao=0.069 media=96.4 amostra=1980.
[00:47:51.239] Custo GPU do passe: media=3.010 ms minimo=2.506 ms pico=3.324 ms amostras=300 descartadas=0.
[00:48:01.272] Custo GPU do passe: media=3.263 ms minimo=2.928 ms pico=3.511 ms amostras=301 descartadas=0.
[00:48:11.271] Custo GPU do passe: media=3.037 ms minimo=2.392 ms pico=3.407 ms amostras=300 descartadas=0.
[00:48:19.470] Cena 0.18.0: ceu_R/B=0.990 mediana=75.8 faixa_p90-p10=106.2 saturacao=0.065 media=84.0 amostra=1980.
[00:48:21.270] Custo GPU do passe: media=2.553 ms minimo=2.215 ms pico=2.785 ms amostras=300 descartadas=0.
[00:48:31.269] Custo GPU do passe: media=2.651 ms minimo=2.377 ms pico=2.873 ms amostras=300 descartadas=0.
[00:48:41.268] Custo GPU do passe: media=2.878 ms minimo=2.366 ms pico=3.146 ms amostras=300 descartadas=0.
[00:48:50.468] Cena 0.18.0: ceu_R/B=1.001 mediana=146.9 faixa_p90-p10=126.8 saturacao=0.074 media=136.9 amostra=1980.
[00:48:51.267] Custo GPU do passe: media=2.975 ms minimo=2.787 ms pico=3.233 ms amostras=300 descartadas=0.
[00:49:01.300] Custo GPU do passe: media=3.085 ms minimo=2.816 ms pico=3.345 ms amostras=301 descartadas=0.
[00:49:11.299] Custo GPU do passe: media=3.175 ms minimo=2.845 ms pico=3.477 ms amostras=300 descartadas=0.
[00:49:20.466] Cena 0.18.0: ceu_R/B=0.999 mediana=70.7 faixa_p90-p10=107.4 saturacao=0.062 media=91.5 amostra=1980.
[00:49:21.332] Custo GPU do passe: media=3.069 ms minimo=2.872 ms pico=3.278 ms amostras=301 descartadas=0.
[00:49:31.332] Custo GPU do passe: media=2.579 ms minimo=2.122 ms pico=3.323 ms amostras=300 descartadas=0.
[00:49:41.331] Custo GPU do passe: media=2.457 ms minimo=2.167 ms pico=2.832 ms amostras=300 descartadas=0.
[00:49:50.464] Cena 0.18.0: ceu_R/B=1.004 mediana=72.5 faixa_p90-p10=105.5 saturacao=0.071 media=90.9 amostra=1980.
[00:49:51.330] Custo GPU do passe: media=2.586 ms minimo=2.234 ms pico=3.227 ms amostras=300 descartadas=0.
[00:50:01.330] Custo GPU do passe: media=3.151 ms minimo=2.970 ms pico=3.376 ms amostras=300 descartadas=0.
[00:50:11.363] Custo GPU do passe: media=3.255 ms minimo=3.084 ms pico=3.480 ms amostras=301 descartadas=0.
[00:50:20.462] Cena 0.18.0: ceu_R/B=0.990 mediana=77.3 faixa_p90-p10=103.1 saturacao=0.063 media=85.1 amostra=1980.
[00:50:21.395] Custo GPU do passe: media=2.685 ms minimo=2.215 ms pico=3.511 ms amostras=301 descartadas=0.
[00:50:31.395] Custo GPU do passe: media=2.453 ms minimo=2.194 ms pico=2.626 ms amostras=300 descartadas=0.
[00:50:41.395] Custo GPU do passe: media=2.561 ms minimo=2.232 ms pico=3.068 ms amostras=300 descartadas=0.
[00:50:50.461] Cena 0.18.0: ceu_R/B=1.001 mediana=147.0 faixa_p90-p10=125.5 saturacao=0.071 media=136.7 amostra=1980.
[00:50:51.394] Custo GPU do passe: media=2.793 ms minimo=2.432 ms pico=3.198 ms amostras=300 descartadas=0.
[00:51:01.427] Custo GPU do passe: media=2.640 ms minimo=2.470 ms pico=2.954 ms amostras=301 descartadas=0.
[00:51:11.427] Custo GPU do passe: media=2.831 ms minimo=2.517 ms pico=3.101 ms amostras=300 descartadas=0.
[00:51:21.426] Custo GPU do passe: media=2.906 ms minimo=2.634 ms pico=3.195 ms amostras=300 descartadas=0.
[00:51:21.460] Cena 0.18.0: ceu_R/B=0.997 mediana=72.0 faixa_p90-p10=107.7 saturacao=0.061 media=92.0 amostra=1980.
[00:51:31.426] Custo GPU do passe: media=2.656 ms minimo=1.905 ms pico=3.154 ms amostras=300 descartadas=0.
[00:51:41.425] Custo GPU do passe: media=2.156 ms minimo=1.918 ms pico=2.419 ms amostras=300 descartadas=0.
[00:51:51.425] Custo GPU do passe: media=2.414 ms minimo=2.082 ms pico=2.760 ms amostras=300 descartadas=0.
[00:51:52.458] Cena 0.18.0: ceu_R/B=1.000 mediana=84.7 faixa_p90-p10=110.0 saturacao=0.057 media=100.9 amostra=1980.
[00:52:01.426] Custo GPU do passe: media=2.850 ms minimo=2.244 ms pico=3.358 ms amostras=300 descartadas=0.
[00:52:11.433] Custo GPU do passe: media=1.841 ms minimo=0.961 ms pico=6.408 ms amostras=895 descartadas=0.
[00:52:21.445] Custo GPU do passe: media=1.184 ms minimo=0.960 ms pico=1.737 ms amostras=770 descartadas=0.
[00:52:22.847] Cena 0.18.0: ceu_R/B=0.841 mediana=85.3 faixa_p90-p10=179.1 saturacao=0.208 media=87.1 amostra=1980.
[00:52:31.458] Custo GPU do passe: media=1.260 ms minimo=0.968 ms pico=2.038 ms amostras=744 descartadas=0.
[00:52:41.462] Custo GPU do passe: media=1.208 ms minimo=0.977 ms pico=1.834 ms amostras=759 descartadas=0.
[00:52:51.470] Custo GPU do passe: media=1.081 ms minimo=0.970 ms pico=1.451 ms amostras=992 descartadas=0.
[00:52:53.033] Cena 0.18.0: ceu_R/B=0.853 mediana=76.7 faixa_p90-p10=145.1 saturacao=0.210 media=79.0 amostra=1980.
[00:53:01.475] Custo GPU do passe: media=1.099 ms minimo=0.980 ms pico=1.457 ms amostras=998 descartadas=0.
[00:53:11.481] Custo GPU do passe: media=1.108 ms minimo=0.974 ms pico=1.497 ms amostras=1033 descartadas=0.
[00:53:21.489] Custo GPU do passe: media=1.322 ms minimo=1.152 ms pico=1.770 ms amostras=971 descartadas=0.
[00:53:23.112] Cena 0.18.0: ceu_R/B=0.843 mediana=100.1 faixa_p90-p10=162.7 saturacao=0.194 media=114.0 amostra=1980.
[00:53:31.492] Custo GPU do passe: media=1.414 ms minimo=1.164 ms pico=1.999 ms amostras=792 descartadas=0.
[00:53:41.495] Custo GPU do passe: media=1.258 ms minimo=1.015 ms pico=2.069 ms amostras=868 descartadas=0.
[00:53:51.506] Custo GPU do passe: media=1.237 ms minimo=0.951 ms pico=1.704 ms amostras=700 descartadas=0.
[00:53:53.300] Cena 0.18.0: ceu_R/B=0.866 mediana=50.2 faixa_p90-p10=122.2 saturacao=0.245 media=59.5 amostra=1980.
[00:54:01.518] Custo GPU do passe: media=1.284 ms minimo=0.991 ms pico=1.709 ms amostras=648 descartadas=0.
[00:54:11.530] Custo GPU do passe: media=1.251 ms minimo=0.981 ms pico=1.694 ms amostras=682 descartadas=0.
[00:54:21.538] Custo GPU do passe: media=1.123 ms minimo=0.958 ms pico=1.703 ms amostras=852 descartadas=0.
[00:54:23.510] Cena 0.18.0: ceu_R/B=0.872 mediana=63.8 faixa_p90-p10=127.8 saturacao=0.223 media=72.2 amostra=1980.
[00:54:31.548] Custo GPU do passe: media=1.051 ms minimo=0.904 ms pico=1.461 ms amostras=896 descartadas=0.
[00:54:41.558] Custo GPU do passe: media=1.082 ms minimo=0.944 ms pico=1.508 ms amostras=913 descartadas=0.
[00:54:51.562] Custo GPU do passe: media=1.078 ms minimo=0.946 ms pico=1.366 ms amostras=883 descartadas=0.
[00:54:53.628] Cena 0.18.0: ceu_R/B=0.957 mediana=47.7 faixa_p90-p10=120.4 saturacao=0.289 media=60.3 amostra=1980.
[00:55:01.571] Custo GPU do passe: media=1.041 ms minimo=0.926 ms pico=1.414 ms amostras=895 descartadas=0.
[00:55:11.578] Custo GPU do passe: media=1.114 ms minimo=0.937 ms pico=1.537 ms amostras=860 descartadas=0.
[00:55:21.588] Custo GPU do passe: media=1.142 ms minimo=0.936 ms pico=1.684 ms amostras=978 descartadas=0.
[00:55:23.689] Cena 0.18.0: ceu_R/B=0.948 mediana=72.6 faixa_p90-p10=81.5 saturacao=0.237 media=82.2 amostra=1980.
[00:55:31.594] Custo GPU do passe: media=1.266 ms minimo=1.040 ms pico=1.721 ms amostras=1060 descartadas=0.
[00:55:41.602] Custo GPU do passe: media=1.172 ms minimo=1.032 ms pico=2.162 ms amostras=1076 descartadas=0.
[23:04:10.072] Photorealism Plugin 0.11.0: nucleo grafico carregado via dxgi.dll.
[23:04:22.927] Proxy DXGI conectado a implementacao do sistema.
[23:04:24.376] Steam overlay detectado e estabilizado antes dos hooks: gameoverlayrenderer64.dll=00006FFFFA1C0000 amostras=4.
[23:04:25.420] Hooks Present/Present1/ResizeBuffers/OMSetRenderTargets*/ClearDepthStencilView instalados; feature level=0xB000 Present1=ativo-slot22.
[23:04:25.420] Auditoria Present 0.11.0: phase=install method=Present entry=00006FFFF9EAAB70 current=00006FFFFA071ED0 current_owner=S:\common\Euro Truck Simulator 2\bin\win_x64\dxgi.dll ours=00006FFFFA071ED0 downstream=00006FFFF9BEF9B0 downstream_owner=S:\common\Euro Truck Simulator 2\bin\win_x64\d3d11.dll state=nosso-hook-externo.
[23:04:25.420] Auditoria Present 0.11.0: phase=install method=Present1 entry=00006FFFF9EAABE0 current=00006FFFFA072030 current_owner=S:\common\Euro Truck Simulator 2\bin\win_x64\dxgi.dll ours=00006FFFFA072030 downstream=00006FFFF9BF0700 downstream_owner=S:\common\Euro Truck Simulator 2\bin\win_x64\d3d11.dll state=nosso-hook-externo.
[23:04:25.500] ResizeBuffers solicitado: swap_chain=000000002E5671F0 buffers=3 size=109x1 format=0 flags=0x00000800.
[23:04:25.502] ResizeBuffers concluido: swap_chain=000000002E5671F0 result=0x00000000.
[23:04:25.503] ResizeBuffers solicitado: swap_chain=000000002E5671F0 buffers=3 size=1440x900 format=0 flags=0x00000800.
[23:04:25.503] ResizeBuffers concluido: swap_chain=000000002E5671F0 result=0x00000000.
[23:04:25.924] Auditoria Present 0.11.0: phase=post-install-500ms method=Present entry=00006FFFF9EAAB70 current=00006FFFFA071ED0 current_owner=S:\common\Euro Truck Simulator 2\bin\win_x64\dxgi.dll ours=00006FFFFA071ED0 downstream=00006FFFF9BEF9B0 downstream_owner=S:\common\Euro Truck Simulator 2\bin\win_x64\d3d11.dll state=nosso-hook-externo.
[23:04:25.924] Auditoria Present 0.11.0: phase=post-install-500ms method=Present1 entry=00006FFFF9EAABE0 current=00006FFFFA072030 current_owner=S:\common\Euro Truck Simulator 2\bin\win_x64\dxgi.dll ours=00006FFFFA072030 downstream=00006FFFF9BF0700 downstream_owner=S:\common\Euro Truck Simulator 2\bin\win_x64\d3d11.dll state=nosso-hook-externo.
[23:04:26.928] ResizeBuffers solicitado: swap_chain=000000002E5671F0 buffers=3 size=109x16 format=0 flags=0x00000800.
[23:04:26.928] ResizeBuffers concluido: swap_chain=000000002E5671F0 result=0x00000000.
[23:04:26.931] ResizeBuffers solicitado: swap_chain=000000002E5671F0 buffers=3 size=119x52 format=0 flags=0x00000800.
[23:04:26.931] ResizeBuffers concluido: swap_chain=000000002E5671F0 result=0x00000000.
[23:04:26.932] ResizeBuffers solicitado: swap_chain=000000002E5671F0 buffers=3 size=1920x1080 format=0 flags=0x00000800.
[23:04:26.933] ResizeBuffers concluido: swap_chain=000000002E5671F0 result=0x00000000.
[23:04:26.933] ResizeBuffers solicitado: swap_chain=000000002E5671F0 buffers=3 size=1920x1080 format=0 flags=0x00000800.
[23:04:26.934] ResizeBuffers concluido: swap_chain=000000002E5671F0 result=0x00000000.
[23:04:27.425] Auditoria Present 0.11.0: phase=post-install-2000ms method=Present entry=00006FFFF9EAAB70 current=00006FFFFA071ED0 current_owner=S:\common\Euro Truck Simulator 2\bin\win_x64\dxgi.dll ours=00006FFFFA071ED0 downstream=00006FFFF9BEF9B0 downstream_owner=S:\common\Euro Truck Simulator 2\bin\win_x64\d3d11.dll state=nosso-hook-externo.
[23:04:27.425] Auditoria Present 0.11.0: phase=post-install-2000ms method=Present1 entry=00006FFFF9EAABE0 current=00006FFFFA072030 current_owner=S:\common\Euro Truck Simulator 2\bin\win_x64\dxgi.dll ours=00006FFFFA072030 downstream=00006FFFF9BF0700 downstream_owner=S:\common\Euro Truck Simulator 2\bin\win_x64\d3d11.dll state=nosso-hook-externo.
[23:04:27.496] Camadas cumulativas: base_0.1.2=ativa visual_0.2.0=ativa rain_overcast_0.3.0=ativa.
[23:04:27.497] Perfil efetivo: temperature=6400.0 exposure=0.011 contrast=1.070 saturation=0.970 vibrance=0.050 shadows=0.100 highlights=-0.180 blacks=0.000 whites=0.080 local_contrast=0.240 sharpness=0.200 vignette=0.030.
[23:04:27.497] Perfil efetivo (cor): tint=0.500 highlight_rolloff=0.350 black_lift=0.001398/0.002480/0.002268.
[23:04:27.497] Balanco de branco 0.18.2: bruto=0.9773/1.0500/0.9721 luma_bruta=1.028920 (+0.0411 EV) normalizado=0.9498/1.0205/0.9448 ganho_luma=1.000000 (+0.0000 EV).
[23:04:27.497] Depth linearization 0.6.4: reversed_z=sim near_plane=0.1000 preview_distance=50.0 vertical_fov=60.0.
[23:04:27.497] Modulo SSAO 0.7.0: ativo samples=8 radius=0.800 intensity=0.280 bias=0.040 fade=30.0-70.0 edge_rejection=1.50.
[23:04:27.497] Modulo SSAO refinement 0.8.0: ativo samples=16 highlight_protection=0.55-0.95 ao_floor=0.35.
[23:04:27.497] Modulo SSAO interior 0.9.0: ativo faixa=2.0-8.0m radius=0.450 intensity=0.200 bias=0.050 edge_rejection=1.75.
[23:04:27.497] Modulo temporal 0.10.0: ativo history_weight=0.65 depth_rejection=0.020 color_rejection=0.080.
[23:04:27.497] Modulo bloom 0.17.0: ativo threshold=0.850 knee=0.060 intensity=0.020 radius=0.0300 (licenca artistica; so o limiar e medido).
[23:04:27.498] Modulo observador de cena 0.18.0: ativo intervalo=30 frames log=30s (mede o frame pre-grade; nao altera a imagem).
[23:04:27.498] Telemetria GPU inicializada: 8 amostras em anel, relatorio=10s.
[23:04:27.994] Shaders Photorealism compilados: visual=ok depth_preview=ok ssao_0.9.1=ok temporal_0.10.0=ok bloom_0.17.0=ok.
[23:04:27.994] Pipeline D3D11 inicializado.
[23:04:27.995] Descoberta depth 0.10.1 iniciada por backbuffer: cycle=1 backbuffer=1920x1080 format=87 janela=30000ms early=3000ms resources=256 view_cache=4096.
[23:04:27.995] Recursos de frame criados: 1920x1080 format=87 ssao_intermediate=ok temporal_spatial=ok.
[23:04:27.995] Bloom 0.17.0 com piramide de 5 niveis: 960x540 ate 60x33.
[23:04:27.995] Bloom 0.17.0 ativo: niveis=5 threshold=0.850 knee=0.060 intensity=0.020 radius=0.0300.
[23:04:27.995] SSAO 0.9.1 aguardando depth e recursos validos; o passe visual aprovado permanece ativo.
[23:04:27.995] Resolve temporal 0.10.0 aguardando depth e recursos validos; pilha visual/SSAO permanece ativa.
[23:04:27.996] Observador de cena 0.18.0 ativo: fonte 1920x1080 format=90 amostrado como 87, mip 5 (60x33 = 1980 pixels), intervalo=30 frames, log=30s.
[23:04:27.996] Primeiro frame processado: 1920x1080 format=87 srgb_manual_entrada=nao srgb_manual_saida=nao ssao_solicitado=sim temporal_solicitado=sim.
[23:04:27.997] Steam screenshot 0.10.4 ativo via ISteamScreenshots v003: ScreenshotRequested_t=2302, readback assincrono e exatamente um WriteScreenshot por toque; deduplicacao=750ms e nenhuma tecla interceptada.
[23:04:27.997] Auditoria Present 0.11.0: phase=first-runtime-call method=Present entry=00006FFFF9EAAB70 current=00006FFFFA071ED0 current_owner=S:\common\Euro Truck Simulator 2\bin\win_x64\dxgi.dll ours=00006FFFFA071ED0 downstream=00006FFFF9BEF9B0 downstream_owner=S:\common\Euro Truck Simulator 2\bin\win_x64\d3d11.dll state=nosso-hook-externo.
[23:04:28.544] Cena 0.18.0: ceu_R/B=1.485 mediana=0.0 faixa_p90-p10=0.0 saturacao=0.018 media=4.7 amostra=1980.
[23:04:30.428] Auditoria Present 0.11.0: phase=post-install-5000ms method=Present entry=00006FFFF9EAAB70 current=00006FFFFA071ED0 current_owner=S:\common\Euro Truck Simulator 2\bin\win_x64\dxgi.dll ours=00006FFFFA071ED0 downstream=00006FFFF9BEF9B0 downstream_owner=S:\common\Euro Truck Simulator 2\bin\win_x64\d3d11.dll state=nosso-hook-externo.
[23:04:30.428] Auditoria Present 0.11.0: phase=post-install-5000ms method=Present1 entry=00006FFFF9EAABE0 current=00006FFFFA072030 current_owner=S:\common\Euro Truck Simulator 2\bin\win_x64\dxgi.dll ours=00006FFFFA072030 downstream=00006FFFF9BF0700 downstream_owner=S:\common\Euro Truck Simulator 2\bin\win_x64\d3d11.dll state=nosso-hook-externo.
[23:04:37.501] Custo GPU do passe: media=1.386 ms minimo=0.410 ms pico=1.750 ms amostras=1063 descartadas=0.
[23:04:47.506] Custo GPU do passe: media=1.501 ms minimo=0.413 ms pico=1.737 ms amostras=885 descartadas=0.
[23:04:57.506] Custo GPU do passe: media=1.481 ms minimo=1.420 ms pico=1.704 ms amostras=1200 descartadas=0.
[23:04:58.773] Cena 0.18.0: ceu_R/B=0.937 mediana=58.2 faixa_p90-p10=180.5 saturacao=0.159 media=72.7 amostra=1980.
[23:05:07.509] Custo GPU do passe: media=1.490 ms minimo=0.430 ms pico=1.739 ms amostras=1202 descartadas=0.
[23:05:12.311] Descoberta depth 0.10.1 concluida: cycle=1 mode=window-timeout resources=3 grupos=2 resource_evictions=0 view_cache_replacements=0 janela=30000ms minimum_bindings=1000 minimum_rate=400/s scaled_area=110%.
[23:05:12.311] Depth principal 0.10.1 ainda nao foi retido com seguranca; nenhum recurso elegivel atingiu a confianca minima e a descoberta continuara automaticamente no cycle=2.
[23:05:12.311] Depth grupo #1: size=1920x1080 area_scale=1.000x aspect_error=0.00% texture_format=19(R32G8X24_TYPELESS) view_format=20(D32_FLOAT_S8X24_UINT) samples=1 bind_flags=0x00000048 shader_readable=sim resources=2 bindings=389 score=51889766400.
[23:05:12.311] Depth grupo #2: size=1024x1024 area_scale=0.506x aspect_error=43.75% texture_format=19(R32G8X24_TYPELESS) view_format=20(D32_FLOAT_S8X24_UINT) samples=1 bind_flags=0x00000048 shader_readable=sim resources=1 bindings=123 score=8126464.
[23:05:12.311] Depth recurso #1: resource=00000000336BE710 size=1920x1080 texture_format=19(R32G8X24_TYPELESS) view_format=20(D32_FLOAT_S8X24_UINT) samples=1 bind_flags=0x00000048 shader_readable=sim views=4 bindings=307 score=40874803200 elegibilidade=bindings-insuficientes.
[23:05:12.311] Depth recurso #2: resource=000000003EAD72D0 size=1920x1080 texture_format=19(R32G8X24_TYPELESS) view_format=20(D32_FLOAT_S8X24_UINT) samples=1 bind_flags=0x00000048 shader_readable=sim views=49 bindings=82 score=11014963200 elegibilidade=bindings-insuficientes.
[23:05:12.312] Depth recurso #3: resource=000000003EAD6B50 size=1024x1024 texture_format=19(R32G8X24_TYPELESS) view_format=20(D32_FLOAT_S8X24_UINT) samples=1 bind_flags=0x00000048 shader_readable=sim views=76 bindings=123 score=8126464 elegibilidade=bindings-insuficientes.
[23:05:17.514] Custo GPU do passe: media=1.205 ms minimo=0.377 ms pico=1.926 ms amostras=1195 descartadas=0.
[23:05:27.514] Custo GPU do passe: media=0.954 ms minimo=0.784 ms pico=1.418 ms amostras=1200 descartadas=0.
[23:05:28.805] Cena 0.18.0: ceu_R/B=0.997 mediana=69.2 faixa_p90-p10=105.9 saturacao=0.072 media=78.9 amostra=1980.
[23:05:32.355] Descoberta depth 0.10.1 concluida: cycle=2 mode=early-confidence resources=5 grupos=4 resource_evictions=0 view_cache_replacements=0 janela=30000ms minimum_bindings=1000 minimum_rate=400/s scaled_area=110%.
[23:05:32.355] Depth principal 0.10.1 selecionado automaticamente: resource=000000003EAD72D0 generation=1 size=1920x1080 texture_format=19(R32G8X24_TYPELESS) samples=1 bind_flags=0x00000048 bindings=1086 score=144256204800.
[23:05:32.355] Depth grupo #1: size=1920x1080 area_scale=1.000x aspect_error=0.00% texture_format=19(R32G8X24_TYPELESS) view_format=20(D32_FLOAT_S8X24_UINT) samples=1 bind_flags=0x00000048 shader_readable=sim resources=1 bindings=1086 score=144256204800.
[23:05:32.355] Depth grupo #2: size=4096x4096 area_scale=8.091x aspect_error=43.75% texture_format=53(R16_TYPELESS) view_format=55(D16_UNORM) samples=1 bind_flags=0x00000048 shader_readable=sim resources=1 bindings=152 score=641728512.
[23:05:32.355] Depth grupo #3: size=1024x1024 area_scale=0.506x aspect_error=43.75% texture_format=19(R32G8X24_TYPELESS) view_format=20(D32_FLOAT_S8X24_UINT) samples=1 bind_flags=0x00000048 shader_readable=sim resources=2 bindings=9724 score=637403136.
[23:05:32.355] Depth grupo #4: size=2048x2048 area_scale=2.023x aspect_error=43.75% texture_format=53(R16_TYPELESS) view_format=55(D16_UNORM) samples=1 bind_flags=0x00000048 shader_readable=sim resources=1 bindings=558 score=586153984.
[23:05:32.355] Depth recurso #1: resource=000000003EAD72D0 size=1920x1080 texture_format=19(R32G8X24_TYPELESS) view_format=20(D32_FLOAT_S8X24_UINT) samples=1 bind_flags=0x00000048 shader_readable=sim views=147 bindings=1086 score=144256204800 elegibilidade=aceito.
[23:05:32.356] Depth recurso #2: resource=000000003EE83620 size=4096x4096 texture_format=53(R16_TYPELESS) view_format=55(D16_UNORM) samples=1 bind_flags=0x00000048 shader_readable=sim views=18 bindings=152 score=641728512 elegibilidade=bindings-insuficientes.
[23:05:32.356] Depth recurso #3: resource=000000003EAD6B50 size=1024x1024 texture_format=19(R32G8X24_TYPELESS) view_format=20(D32_FLOAT_S8X24_UINT) samples=1 bind_flags=0x00000048 shader_readable=sim views=83 bindings=9589 score=628490240 elegibilidade=forma-incompativel.
[23:05:32.356] Depth recurso #4: resource=000000003EE839E0 size=2048x2048 texture_format=53(R16_TYPELESS) view_format=55(D16_UNORM) samples=1 bind_flags=0x00000048 shader_readable=sim views=70 bindings=558 score=586153984 elegibilidade=bindings-insuficientes.
[23:05:32.356] Depth recurso #5: resource=000000003EE84520 size=1024x1024 texture_format=19(R32G8X24_TYPELESS) view_format=20(D32_FLOAT_S8X24_UINT) samples=1 bind_flags=0x00000048 shader_readable=sim views=13 bindings=135 score=8912896 elegibilidade=bindings-insuficientes.
[23:05:32.357] Recursos de copia depth criados: generation=1 size=1920x1080 source_format=19 resource_format=19 view_format=21.
[23:05:32.357] Recursos temporais 0.10.0 criados: color=1920x1080 depth=1920x1080 generation=1.
[23:05:32.357] SSAO 0.9.1 ativo: source=1920x1080 format=19 generation=1 samples=16 radius=0.800 intensity=0.280 fade=30.0-70.0 interior=ativo.
[23:05:32.358] Resolve temporal 0.10.0 ativo: source=1920x1080 depth=1920x1080 generation=1 history_weight=0.65 depth_rejection=0.020 color_rejection=0.080.
[23:05:32.358] Historico temporal 0.10.0 inicializado: color=1920x1080 depth=1920x1080 generation=1.
[23:05:37.521] Custo GPU do passe: media=1.087 ms minimo=0.377 ms pico=3.000 ms amostras=1194 descartadas=0.
[23:05:47.528] Custo GPU do passe: media=1.214 ms minimo=1.050 ms pico=3.228 ms amostras=1050 descartadas=0.
[23:05:57.528] Custo GPU do passe: media=1.188 ms minimo=1.073 ms pico=1.494 ms amostras=1200 descartadas=0.
[23:05:58.869] Cena 0.18.0: ceu_R/B=1.125 mediana=3.8 faixa_p90-p10=52.6 saturacao=0.101 media=16.9 amostra=1980.
[23:06:07.536] Custo GPU do passe: media=1.286 ms minimo=1.063 ms pico=3.664 ms amostras=1196 descartadas=0.
[23:06:17.543] Custo GPU do passe: media=1.129 ms minimo=1.021 ms pico=1.483 ms amostras=1196 descartadas=0.
[23:06:27.543] Custo GPU do passe: media=1.109 ms minimo=1.020 ms pico=1.360 ms amostras=1198 descartadas=0.
[23:06:28.977] Cena 0.18.0: ceu_R/B=0.816 mediana=65.7 faixa_p90-p10=172.2 saturacao=0.234 media=110.4 amostra=1980.
[23:06:37.543] Custo GPU do passe: media=1.096 ms minimo=1.024 ms pico=1.399 ms amostras=1193 descartadas=0.
[23:06:47.548] Custo GPU do passe: media=1.092 ms minimo=1.024 ms pico=1.327 ms amostras=1196 descartadas=0.
[23:06:57.556] Custo GPU do passe: media=1.113 ms minimo=1.023 ms pico=1.535 ms amostras=1185 descartadas=0.
[23:06:59.214] Cena 0.18.0: ceu_R/B=0.815 mediana=67.2 faixa_p90-p10=171.7 saturacao=0.233 media=111.0 amostra=1980.
[23:07:07.562] Custo GPU do passe: media=1.100 ms minimo=1.025 ms pico=1.490 ms amostras=1180 descartadas=0.
[23:07:17.562] Custo GPU do passe: media=1.105 ms minimo=1.024 ms pico=1.391 ms amostras=1192 descartadas=0.
[23:07:27.564] Custo GPU do passe: media=1.124 ms minimo=1.025 ms pico=1.453 ms amostras=1189 descartadas=0.
[23:07:29.299] Cena 0.18.0: ceu_R/B=0.820 mediana=65.9 faixa_p90-p10=172.7 saturacao=0.233 media=110.4 amostra=1980.
[23:07:37.568] Custo GPU do passe: media=1.143 ms minimo=0.987 ms pico=1.634 ms amostras=1143 descartadas=0.
[23:07:47.568] Custo GPU do passe: media=1.336 ms minimo=1.191 ms pico=1.687 ms amostras=1182 descartadas=0.
[23:07:57.569] Custo GPU do passe: media=1.323 ms minimo=1.198 ms pico=3.568 ms amostras=1194 descartadas=0.
[23:07:59.464] Cena 0.18.0: ceu_R/B=0.900 mediana=67.4 faixa_p90-p10=193.5 saturacao=0.227 media=85.2 amostra=1980.
[23:08:07.573] Custo GPU do passe: media=1.305 ms minimo=1.135 ms pico=1.599 ms amostras=1172 descartadas=0.
[23:08:17.577] Custo GPU do passe: media=1.241 ms minimo=1.042 ms pico=1.648 ms amostras=1191 descartadas=0.
[23:08:27.581] Custo GPU do passe: media=1.307 ms minimo=1.186 ms pico=1.638 ms amostras=1198 descartadas=0.
[23:08:29.546] Cena 0.18.0: ceu_R/B=0.898 mediana=70.1 faixa_p90-p10=197.9 saturacao=0.222 media=87.2 amostra=1980.
[23:08:37.587] Custo GPU do passe: media=1.316 ms minimo=1.189 ms pico=1.641 ms amostras=1200 descartadas=0.
[23:08:47.593] Custo GPU do passe: media=1.306 ms minimo=1.212 ms pico=1.647 ms amostras=1199 descartadas=0.
[23:08:57.599] Custo GPU do passe: media=1.296 ms minimo=1.205 ms pico=1.495 ms amostras=1200 descartadas=0.
[23:08:59.576] Cena 0.18.0: ceu_R/B=0.896 mediana=73.3 faixa_p90-p10=195.7 saturacao=0.223 media=89.3 amostra=1980.
[23:09:07.601] Custo GPU do passe: media=1.304 ms minimo=1.206 ms pico=1.416 ms amostras=1200 descartadas=0.
[23:09:17.606] Custo GPU do passe: media=1.324 ms minimo=1.209 ms pico=1.630 ms amostras=1199 descartadas=0.
[23:09:27.606] Custo GPU do passe: media=1.334 ms minimo=1.226 ms pico=1.822 ms amostras=1199 descartadas=0.
[23:09:29.602] Cena 0.18.0: ceu_R/B=0.877 mediana=100.0 faixa_p90-p10=185.6 saturacao=0.233 media=106.0 amostra=1980.
[23:09:37.609] Custo GPU do passe: media=1.192 ms minimo=0.973 ms pico=1.586 ms amostras=1171 descartadas=0.
[23:09:47.614] Custo GPU do passe: media=1.320 ms minimo=0.975 ms pico=1.687 ms amostras=1179 descartadas=0.
[23:09:57.619] Custo GPU do passe: media=1.448 ms minimo=1.311 ms pico=1.731 ms amostras=1193 descartadas=0.
[23:09:59.634] Cena 0.18.0: ceu_R/B=1.241 mediana=93.6 faixa_p90-p10=93.9 saturacao=0.197 media=89.0 amostra=1980.
[23:10:07.621] Custo GPU do passe: media=1.396 ms minimo=1.172 ms pico=1.703 ms amostras=1191 descartadas=0.
[23:10:17.627] Custo GPU do passe: media=1.247 ms minimo=1.062 ms pico=2.617 ms amostras=1123 descartadas=0.
[23:10:27.628] Custo GPU do passe: media=1.091 ms minimo=0.919 ms pico=1.405 ms amostras=1107 descartadas=0.
[23:10:29.680] Cena 0.18.0: ceu_R/B=0.803 mediana=70.8 faixa_p90-p10=169.8 saturacao=0.250 media=111.0 amostra=1980.
[23:10:37.629] Custo GPU do passe: media=1.086 ms minimo=1.020 ms pico=1.378 ms amostras=1147 descartadas=0.
[23:10:47.629] Custo GPU do passe: media=1.104 ms minimo=1.021 ms pico=1.681 ms amostras=1142 descartadas=0.
[23:10:57.637] Custo GPU do passe: media=1.217 ms minimo=0.980 ms pico=1.434 ms amostras=1201 descartadas=0.
[23:10:59.762] Cena 0.18.0: ceu_R/B=0.845 mediana=72.8 faixa_p90-p10=194.1 saturacao=0.207 media=113.5 amostra=1980.
[23:11:07.637] Custo GPU do passe: media=1.136 ms minimo=0.993 ms pico=1.477 ms amostras=1200 descartadas=0.
[23:11:17.638] Custo GPU do passe: media=1.244 ms minimo=1.064 ms pico=1.645 ms amostras=982 descartadas=0.
[23:11:27.644] Custo GPU do passe: media=1.224 ms minimo=1.050 ms pico=2.889 ms amostras=937 descartadas=0.
[23:11:30.032] Cena 0.18.0: ceu_R/B=0.848 mediana=67.8 faixa_p90-p10=177.9 saturacao=0.265 media=106.5 amostra=1980.
[23:11:37.648] Custo GPU do passe: media=1.156 ms minimo=1.034 ms pico=1.617 ms amostras=948 descartadas=0.
[23:11:47.657] Custo GPU do passe: media=1.185 ms minimo=1.065 ms pico=1.617 ms amostras=952 descartadas=0.
[23:11:57.666] Custo GPU do passe: media=1.216 ms minimo=1.064 ms pico=1.779 ms amostras=953 descartadas=0.
[23:12:00.046] Cena 0.18.0: ceu_R/B=0.837 mediana=69.8 faixa_p90-p10=176.1 saturacao=0.260 media=106.1 amostra=1980.
[23:12:07.671] Custo GPU do passe: media=1.165 ms minimo=1.063 ms pico=1.611 ms amostras=940 descartadas=0.
[23:12:17.678] Custo GPU do passe: media=1.175 ms minimo=1.064 ms pico=1.640 ms amostras=954 descartadas=0.
[23:12:27.682] Custo GPU do passe: media=1.203 ms minimo=1.064 ms pico=1.682 ms amostras=950 descartadas=0.
[23:12:30.091] Cena 0.18.0: ceu_R/B=0.836 mediana=69.6 faixa_p90-p10=176.3 saturacao=0.260 media=105.6 amostra=1980.
[23:12:37.686] Custo GPU do passe: media=1.187 ms minimo=1.065 ms pico=1.790 ms amostras=948 descartadas=0.
[23:12:47.693] Custo GPU do passe: media=1.180 ms minimo=1.065 ms pico=1.887 ms amostras=941 descartadas=0.
[23:12:57.703] Custo GPU do passe: media=1.209 ms minimo=1.065 ms pico=2.016 ms amostras=935 descartadas=0.
[23:13:00.121] Cena 0.18.0: ceu_R/B=0.828 mediana=97.1 faixa_p90-p10=164.2 saturacao=0.264 media=117.2 amostra=1980.
[23:13:07.705] Custo GPU do passe: media=1.313 ms minimo=0.854 ms pico=2.984 ms amostras=984 descartadas=0.
[23:13:17.713] Custo GPU do passe: media=1.665 ms minimo=1.529 ms pico=1.860 ms amostras=1201 descartadas=0.
[23:13:27.713] Custo GPU do passe: media=1.893 ms minimo=1.598 ms pico=2.303 ms amostras=1200 descartadas=0.
[23:13:30.130] Cena 0.18.0: ceu_R/B=1.013 mediana=52.3 faixa_p90-p10=80.9 saturacao=0.075 media=64.7 amostra=1980.
[23:13:37.721] Custo GPU do passe: media=2.370 ms minimo=1.811 ms pico=3.077 ms amostras=1201 descartadas=0.
[23:13:47.729] Custo GPU do passe: media=2.262 ms minimo=2.102 ms pico=2.964 ms amostras=1201 descartadas=0.
[23:13:57.729] Custo GPU do passe: media=2.343 ms minimo=2.147 ms pico=2.615 ms amostras=1200 descartadas=0.
[23:14:00.379] Cena 0.18.0: ceu_R/B=0.992 mediana=72.7 faixa_p90-p10=107.7 saturacao=0.075 media=85.9 amostra=1980.
[23:14:07.737] Custo GPU do passe: media=2.493 ms minimo=2.155 ms pico=2.830 ms amostras=1201 descartadas=0.
[23:14:17.745] Custo GPU do passe: media=2.452 ms minimo=2.187 ms pico=3.197 ms amostras=1201 descartadas=0.
[23:14:27.753] Custo GPU do passe: media=2.083 ms minimo=1.613 ms pico=2.618 ms amostras=1201 descartadas=0.
[23:14:30.628] Cena 0.18.0: ceu_R/B=0.989 mediana=76.1 faixa_p90-p10=106.1 saturacao=0.066 media=84.0 amostra=1980.
[23:14:37.752] Custo GPU do passe: media=1.945 ms minimo=1.613 ms pico=2.291 ms amostras=1200 descartadas=0.
[23:14:47.760] Custo GPU do passe: media=2.044 ms minimo=1.594 ms pico=2.641 ms amostras=1201 descartadas=0.
[23:14:57.760] Custo GPU do passe: media=2.353 ms minimo=2.105 ms pico=2.658 ms amostras=1200 descartadas=0.
[23:15:00.876] Cena 0.18.0: ceu_R/B=1.001 mediana=146.5 faixa_p90-p10=129.6 saturacao=0.073 media=136.9 amostra=1980.
[23:15:07.768] Custo GPU do passe: media=2.420 ms minimo=2.076 ms pico=2.914 ms amostras=1201 descartadas=0.
[23:15:17.767] Custo GPU do passe: media=2.168 ms minimo=1.506 ms pico=3.006 ms amostras=1200 descartadas=0.
[23:15:27.775] Custo GPU do passe: media=1.766 ms minimo=1.310 ms pico=2.418 ms amostras=1201 descartadas=0.
[23:15:31.125] Cena 0.18.0: ceu_R/B=1.000 mediana=84.0 faixa_p90-p10=109.5 saturacao=0.056 media=99.6 amostra=1980.
[23:15:37.775] Custo GPU do passe: media=2.152 ms minimo=1.858 ms pico=2.997 ms amostras=1200 descartadas=0.
[23:15:47.783] Custo GPU do passe: media=2.550 ms minimo=2.080 ms pico=2.964 ms amostras=1201 descartadas=0.
[23:15:57.783] Custo GPU do passe: media=2.435 ms minimo=2.177 ms pico=3.031 ms amostras=1200 descartadas=0.
[23:16:01.374] Cena 0.18.0: ceu_R/B=0.989 mediana=4.0 faixa_p90-p10=14.1 saturacao=0.105 media=7.6 amostra=1980.
[23:16:07.791] Custo GPU do passe: media=2.370 ms minimo=2.242 ms pico=2.615 ms amostras=1201 descartadas=0.
[23:16:17.790] Custo GPU do passe: media=2.472 ms minimo=2.204 ms pico=2.807 ms amostras=1200 descartadas=0.
[23:16:27.798] Custo GPU do passe: media=2.395 ms minimo=1.614 ms pico=3.077 ms amostras=1201 descartadas=0.
[23:16:31.623] Cena 0.18.0: ceu_R/B=0.989 mediana=78.1 faixa_p90-p10=104.3 saturacao=0.064 media=85.3 amostra=1980.
[23:16:37.806] Custo GPU do passe: media=1.733 ms minimo=1.601 ms pico=1.967 ms amostras=1201 descartadas=0.
[23:16:47.814] Custo GPU do passe: media=1.761 ms minimo=1.567 ms pico=2.004 ms amostras=1201 descartadas=0.
[23:16:57.814] Custo GPU do passe: media=2.336 ms minimo=1.611 ms pico=3.124 ms amostras=1200 descartadas=0.
[23:17:01.622] Cena 0.18.0: ceu_R/B=1.002 mediana=146.9 faixa_p90-p10=125.5 saturacao=0.070 media=136.7 amostra=1980.
[23:17:07.822] Custo GPU do passe: media=2.212 ms minimo=2.035 ms pico=2.924 ms amostras=1201 descartadas=0.
[23:17:17.821] Custo GPU do passe: media=2.229 ms minimo=1.776 ms pico=2.633 ms amostras=1200 descartadas=0.
[23:17:27.829] Custo GPU do passe: media=1.911 ms minimo=1.638 ms pico=2.295 ms amostras=1201 descartadas=0.
[23:17:31.871] Cena 0.18.0: ceu_R/B=1.001 mediana=85.1 faixa_p90-p10=112.3 saturacao=0.055 media=94.3 amostra=1980.
[23:17:37.837] Custo GPU do passe: media=2.088 ms minimo=1.695 ms pico=2.673 ms amostras=1201 descartadas=0.
[23:17:47.837] Custo GPU do passe: media=2.380 ms minimo=1.979 ms pico=2.848 ms amostras=1200 descartadas=0.
[23:17:57.845] Custo GPU do passe: media=2.570 ms minimo=2.252 ms pico=2.945 ms amostras=1201 descartadas=0.
[23:18:02.120] Cena 0.18.0: ceu_R/B=1.000 mediana=72.7 faixa_p90-p10=105.1 saturacao=0.060 media=86.8 amostra=1980.
[23:18:07.853] Custo GPU do passe: media=2.595 ms minimo=1.592 ms pico=3.671 ms amostras=1201 descartadas=0.
[23:18:17.852] Custo GPU do passe: media=2.414 ms minimo=2.110 ms pico=2.703 ms amostras=1200 descartadas=0.
[23:18:27.852] Custo GPU do passe: media=2.458 ms minimo=2.109 ms pico=2.869 ms amostras=1200 descartadas=0.
[23:18:32.369] Cena 0.18.0: ceu_R/B=0.993 mediana=78.0 faixa_p90-p10=103.0 saturacao=0.064 media=86.0 amostra=1980.
[23:18:37.860] Custo GPU do passe: media=2.214 ms minimo=1.757 ms pico=2.821 ms amostras=1201 descartadas=0.
[23:18:47.860] Custo GPU do passe: media=1.722 ms minimo=1.508 ms pico=1.891 ms amostras=1200 descartadas=0.
[23:18:57.868] Custo GPU do passe: media=1.888 ms minimo=1.639 ms pico=2.661 ms amostras=1201 descartadas=0.
[23:19:02.618] Cena 0.18.0: ceu_R/B=1.003 mediana=147.0 faixa_p90-p10=125.7 saturacao=0.067 media=136.7 amostra=1980.
[23:19:07.876] Custo GPU do passe: media=2.454 ms minimo=2.073 ms pico=2.865 ms amostras=1201 descartadas=0.
[23:19:17.884] Custo GPU do passe: media=2.301 ms minimo=1.947 ms pico=2.995 ms amostras=1201 descartadas=0.
[23:19:27.883] Custo GPU do passe: media=1.905 ms minimo=1.578 ms pico=2.383 ms amostras=1200 descartadas=0.
[23:19:32.867] Cena 0.18.0: ceu_R/B=1.003 mediana=76.3 faixa_p90-p10=106.3 saturacao=0.048 media=87.4 amostra=1980.
[23:19:37.891] Custo GPU do passe: media=1.843 ms minimo=1.585 ms pico=2.290 ms amostras=1201 descartadas=0.
[23:19:47.891] Custo GPU do passe: media=2.173 ms minimo=1.790 ms pico=2.756 ms amostras=1200 descartadas=0.
[23:19:57.891] Custo GPU do passe: media=2.329 ms minimo=2.013 ms pico=2.719 ms amostras=1200 descartadas=0.
[23:20:03.116] Cena 0.18.0: ceu_R/B=1.002 mediana=72.7 faixa_p90-p10=104.9 saturacao=0.062 media=87.1 amostra=1980.
[23:20:07.899] Custo GPU do passe: media=2.427 ms minimo=2.166 ms pico=2.641 ms amostras=1201 descartadas=0.
[23:20:17.907] Custo GPU do passe: media=2.609 ms minimo=2.227 ms pico=3.068 ms amostras=1201 descartadas=0.
[23:20:27.915] Custo GPU do passe: media=2.314 ms minimo=2.193 ms pico=2.561 ms amostras=1201 descartadas=0.
[23:20:33.115] Cena 0.18.0: ceu_R/B=1.000 mediana=70.5 faixa_p90-p10=107.0 saturacao=0.062 media=91.5 amostra=1980.
[23:20:37.915] Custo GPU do passe: media=2.389 ms minimo=1.783 ms pico=2.862 ms amostras=1200 descartadas=0.
[23:20:47.923] Custo GPU do passe: media=2.013 ms minimo=1.670 ms pico=2.427 ms amostras=1201 descartadas=0.
[23:20:57.931] Custo GPU do passe: media=1.891 ms minimo=1.301 ms pico=3.170 ms amostras=1201 descartadas=0.
[23:21:03.364] Cena 0.18.0: ceu_R/B=1.003 mediana=147.2 faixa_p90-p10=123.0 saturacao=0.065 media=137.1 amostra=1980.
[23:21:07.931] Custo GPU do passe: media=2.227 ms minimo=1.523 ms pico=2.729 ms amostras=1200 descartadas=0.
[23:21:17.939] Custo GPU do passe: media=2.472 ms minimo=2.128 ms pico=2.918 ms amostras=1201 descartadas=0.
[23:21:27.939] Custo GPU do passe: media=2.395 ms minimo=1.647 ms pico=3.285 ms amostras=1200 descartadas=0.
[23:21:33.613] Cena 0.18.0: ceu_R/B=1.005 mediana=73.5 faixa_p90-p10=104.9 saturacao=0.053 media=85.5 amostra=1980.
[23:21:37.947] Custo GPU do passe: media=1.738 ms minimo=1.625 ms pico=1.930 ms amostras=1201 descartadas=0.
[23:21:47.946] Custo GPU do passe: media=2.033 ms minimo=1.728 ms pico=2.524 ms amostras=1200 descartadas=0.
[23:21:57.954] Custo GPU do passe: media=2.492 ms minimo=1.984 ms pico=3.170 ms amostras=1201 descartadas=0.
[23:22:03.863] Cena 0.18.0: ceu_R/B=1.000 mediana=72.8 faixa_p90-p10=108.5 saturacao=0.064 media=89.8 amostra=1980.
[23:22:07.954] Custo GPU do passe: media=2.309 ms minimo=2.141 ms pico=2.542 ms amostras=1200 descartadas=0.
[23:22:17.954] Custo GPU do passe: media=2.395 ms minimo=2.227 ms pico=2.688 ms amostras=1200 descartadas=0.
[23:22:27.962] Custo GPU do passe: media=2.532 ms minimo=2.170 ms pico=3.029 ms amostras=1201 descartadas=0.
[23:22:34.112] Cena 0.18.0: ceu_R/B=0.999 mediana=71.5 faixa_p90-p10=107.3 saturacao=0.062 media=91.8 amostra=1980.
[23:22:37.970] Custo GPU do passe: media=2.393 ms minimo=2.050 ms pico=3.051 ms amostras=1201 descartadas=0.
[23:22:47.978] Custo GPU do passe: media=1.943 ms minimo=1.636 ms pico=2.537 ms amostras=1201 descartadas=0.
[23:22:57.978] Custo GPU do passe: media=1.807 ms minimo=1.590 ms pico=2.124 ms amostras=1200 descartadas=0.
[23:23:04.361] Cena 0.18.0: ceu_R/B=0.978 mediana=83.1 faixa_p90-p10=111.9 saturacao=0.061 media=86.6 amostra=1980.
[23:23:07.977] Custo GPU do passe: media=1.940 ms minimo=1.550 ms pico=2.399 ms amostras=1200 descartadas=0.
[23:23:17.985] Custo GPU do passe: media=2.266 ms minimo=2.107 ms pico=2.449 ms amostras=1201 descartadas=0.
[23:23:27.985] Custo GPU do passe: media=2.356 ms minimo=1.924 ms pico=2.807 ms amostras=1200 descartadas=0.
[23:23:34.610] Cena 0.18.0: ceu_R/B=1.002 mediana=78.0 faixa_p90-p10=116.3 saturacao=0.057 media=91.7 amostra=1980.
[23:23:37.985] Custo GPU do passe: media=2.208 ms minimo=1.336 ms pico=3.156 ms amostras=1200 descartadas=0.
[23:23:47.993] Custo GPU do passe: media=1.851 ms minimo=1.591 ms pico=2.257 ms amostras=1201 descartadas=0.
[23:23:57.993] Custo GPU do passe: media=2.249 ms minimo=1.842 ms pico=3.010 ms amostras=1200 descartadas=0.
[23:24:04.609] Cena 0.18.0: ceu_R/B=1.004 mediana=74.8 faixa_p90-p10=110.7 saturacao=0.067 media=94.1 amostra=1980.
[23:24:07.992] Custo GPU do passe: media=2.622 ms minimo=2.094 ms pico=3.062 ms amostras=1200 descartadas=0.
[23:24:18.000] Custo GPU do passe: media=2.506 ms minimo=2.117 ms pico=3.203 ms amostras=1201 descartadas=0.
[23:24:28.000] Custo GPU do passe: media=2.430 ms minimo=2.163 ms pico=2.781 ms amostras=1200 descartadas=0.
[23:24:34.858] Cena 0.18.0: ceu_R/B=0.997 mediana=74.4 faixa_p90-p10=107.2 saturacao=0.064 media=93.0 amostra=1980.
[23:24:38.000] Custo GPU do passe: media=2.514 ms minimo=2.261 ms pico=2.939 ms amostras=1200 descartadas=0.
[23:24:48.008] Custo GPU do passe: media=2.442 ms minimo=1.671 ms pico=3.053 ms amostras=1201 descartadas=0.
[23:24:58.008] Custo GPU do passe: media=1.773 ms minimo=1.531 ms pico=1.966 ms amostras=1200 descartadas=0.
[23:25:05.107] Cena 0.18.0: ceu_R/B=0.983 mediana=81.1 faixa_p90-p10=112.1 saturacao=0.061 media=86.1 amostra=1980.
[23:25:08.016] Custo GPU do passe: media=1.810 ms minimo=1.548 ms pico=2.085 ms amostras=1201 descartadas=0.
[23:25:18.015] Custo GPU do passe: media=2.362 ms minimo=1.681 ms pico=3.008 ms amostras=1200 descartadas=0.
[23:25:28.015] Custo GPU do passe: media=2.186 ms minimo=2.045 ms pico=2.374 ms amostras=1200 descartadas=0.
[23:25:35.356] Cena 0.18.0: ceu_R/B=1.002 mediana=139.0 faixa_p90-p10=122.1 saturacao=0.076 media=129.7 amostra=1980.
[23:25:38.023] Custo GPU do passe: media=2.162 ms minimo=1.605 ms pico=2.583 ms amostras=1201 descartadas=0.
[23:25:48.031] Custo GPU do passe: media=1.810 ms minimo=1.563 ms pico=2.204 ms amostras=1201 descartadas=0.
[23:25:58.031] Custo GPU do passe: media=1.939 ms minimo=1.653 ms pico=2.395 ms amostras=1200 descartadas=0.
[23:26:05.356] Cena 0.18.0: ceu_R/B=1.004 mediana=76.7 faixa_p90-p10=112.7 saturacao=0.069 media=96.9 amostra=1980.
[23:26:08.039] Custo GPU do passe: media=2.277 ms minimo=1.904 ms pico=2.708 ms amostras=1201 descartadas=0.
[23:26:18.038] Custo GPU do passe: media=2.489 ms minimo=1.610 ms pico=7.372 ms amostras=1200 descartadas=0.
[23:26:28.046] Custo GPU do passe: media=2.503 ms minimo=2.128 ms pico=2.947 ms amostras=1201 descartadas=0.
[23:26:35.605] Cena 0.18.0: ceu_R/B=0.999 mediana=76.5 faixa_p90-p10=106.6 saturacao=0.065 media=94.1 amostra=1980.
[23:26:38.046] Custo GPU do passe: media=2.369 ms minimo=2.186 ms pico=2.757 ms amostras=1200 descartadas=0.
[23:26:48.054] Custo GPU do passe: media=2.527 ms minimo=2.110 ms pico=2.893 ms amostras=1201 descartadas=0.
[23:26:58.062] Custo GPU do passe: media=2.284 ms minimo=1.679 ms pico=2.989 ms amostras=1201 descartadas=0.
[23:27:05.854] Cena 0.18.0: ceu_R/B=0.986 mediana=79.1 faixa_p90-p10=108.1 saturacao=0.062 media=84.7 amostra=1980.
[23:27:08.062] Custo GPU do passe: media=1.806 ms minimo=1.616 ms pico=2.063 ms amostras=1200 descartadas=0.
[23:27:18.070] Custo GPU do passe: media=1.960 ms minimo=1.630 ms pico=2.842 ms amostras=1201 descartadas=0.
[23:27:28.070] Custo GPU do passe: media=2.540 ms minimo=1.997 ms pico=3.149 ms amostras=1200 descartadas=0.
[23:27:36.103] Cena 0.18.0: ceu_R/B=1.002 mediana=146.9 faixa_p90-p10=127.7 saturacao=0.075 media=136.7 amostra=1980.
[23:27:38.069] Custo GPU do passe: media=2.349 ms minimo=2.081 ms pico=3.258 ms amostras=1200 descartadas=0.
[23:27:48.077] Custo GPU do passe: media=1.941 ms minimo=1.654 ms pico=2.468 ms amostras=1201 descartadas=0.
[23:27:58.085] Custo GPU do passe: media=1.920 ms minimo=1.604 ms pico=2.328 ms amostras=1201 descartadas=0.
